TokenId;Tron #
1;7251
10;6003
100;1010
1000;6715
1001;1896
1002;2521
1003;4686
1004;2251
1005;4935
1006;3349
1007;700
1008;2263
1009;3603
101;7470
1010;148
1011;267
1012;1719
1013;7809
1014;1910
1015;382
1016;325
1017;6136
1018;3991
1019;5508
102;8128
1020;2261
1021;7004
1022;6649
1023;7938
1024;8132
1025;8859
1026;4484
1027;8785
1028;418
1029;98
103;8554
1030;6662
1031;252
1032;5062
1033;876
1034;2837
1035;6566
1036;3906
1037;320
1038;3544
1039;3043
104;6843
1040;4870
1041;5965
1042;2689
1043;7726
1044;7648
1045;2180
1046;3975
1047;3909
1048;7084
1049;90
105;1661
1050;388
1051;1740
1052;1882
1053;3134
1054;4300
1055;4609
1056;288
1057;8538
1058;6994
1059;5014
106;2200
1060;4407
1061;5819
1062;6314
1063;4047
1064;5994
1065;555
1066;2993
1067;4930
1068;7694
1069;1394
107;939
1070;1767
1071;6665
1072;6611
1073;3302
1074;8174
1075;6438
1076;4392
1077;343
1078;7126
1079;2153
108;7925
1080;6175
1081;3665
1082;7775
1083;3365
1084;8672
1085;787
1086;7923
1087;8501
1088;8847
1089;1575
109;1506
1090;7157
1091;1129
1092;3351
1093;8487
1094;4012
1095;295
1096;5613
1097;5734
1098;3367
1099;7450
11;5561
110;3926
1100;3788
1101;3156
1102;2743
1103;5691
1104;7153
1105;5618
1106;4666
1107;4548
1108;4552
1109;88
111;7376
1110;93
1111;5518
1112;8342
1113;4649
1114;8231
1115;5097
1116;8851
1117;6672
1118;4796
1119;4270
112;558
1120;163
1121;848
1122;8369
1123;7615
1124;5689
1125;4000
1126;1266
1127;6206
1128;5065
1129;118
113;4923
1130;7532
1131;7974
1132;978
1133;7943
1134;596
1135;6560
1136;5324
1137;4843
1138;2604
1139;4578
114;70
1140;2902
1141;1635
1142;6298
1143;4173
1144;7749
1145;7438
1146;8629
1147;481
1148;3672
1149;828
115;5369
1150;6433
1151;131
1152;5571
1153;7944
1154;7199
1155;4090
1156;1683
1157;7217
1158;7017
1159;2944
116;3031
1160;1173
1161;8081
1162;3484
1163;7601
1164;2982
1165;7375
1166;2108
1167;6254
1168;5599
1169;8374
117;2375
1170;6286
1171;4385
1172;6520
1173;6830
1174;2673
1175;7402
1176;8522
1177;1475
1178;3712
1179;7062
118;278
1180;971
1181;1337
1182;6710
1183;1541
1184;8686
1185;2334
1186;2896
1187;5716
1188;478
1189;225
119;1095
1190;1697
1191;7908
1192;462
1193;8700
1194;6607
1195;598
1196;4488
1197;1973
1198;702
1199;3145
12;2105
120;7523
1200;6172
1201;6776
1202;7835
1203;7955
1204;5406
1205;580
1206;2235
1207;1401
1208;116
1209;7869
121;152
1210;4148
1211;5791
1212;4731
1213;8086
1214;6764
1215;2450
1216;5876
1217;7773
1218;4056
1219;3695
122;291
1220;8222
1221;1184
1222;4741
1223;2101
1224;8310
1225;2217
1226;3509
1227;1160
1228;2981
1229;6161
123;5215
1230;8064
1231;3318
1232;4195
1233;4842
1234;8147
1235;8534
1236;3066
1237;7164
1238;6441
1239;1527
124;7409
1240;8186
1241;7246
1242;7371
1243;4061
1244;5616
1245;6619
1246;1294
1247;2472
1248;2072
1249;5023
125;484
1250;3837
1251;8835
1252;8789
1253;1116
1254;547
1255;367
1256;887
1257;5310
1258;7220
1259;2996
126;7138
1260;4579
1261;6653
1262;2572
1263;8599
1264;1080
1265;6840
1266;3033
1267;1999
1268;3656
1269;7855
127;3581
1270;3264
1271;6526
1272;7346
1273;6968
1274;2239
1275;4360
1276;922
1277;1494
1278;8316
1279;6067
128;2730
1280;4251
1281;6565
1282;1940
1283;2233
1284;4430
1285;3710
1286;2709
1287;2965
1288;1857
1289;8140
129;7898
1290;4023
1291;1915
1292;2985
1293;3589
1294;1826
1295;6026
1296;7115
1297;4610
1298;7244
1299;7585
13;845
130;3588
1300;7622
1301;798
1302;2509
1303;1585
1304;7048
1305;6409
1306;3300
1307;7276
1308;138
1309;671
131;6119
1310;2518
1311;665
1312;4636
1313;5672
1314;3817
1315;530
1316;3051
1317;5950
1318;5907
1319;333
132;6953
1320;1374
1321;7447
1322;8226
1323;8166
1324;6929
1325;5350
1326;4902
1327;7144
1328;686
1329;4324
133;2495
1330;843
1331;3780
1332;3408
1333;7439
1334;7472
1335;1645
1336;7905
1337;872
1338;1003
1339;2814
134;5987
1340;4354
1341;8120
1342;7023
1343;6720
1344;1542
1345;7187
1346;5519
1347;6845
1348;6216
1349;4172
135;1167
1350;6421
1351;4419
1352;5522
1353;2098
1354;8685
1355;5640
1356;6156
1357;332
1358;8846
1359;2758
136;844
1360;176
1361;6869
1362;3027
1363;5684
1364;5841
1365;1218
1366;7573
1367;5697
1368;4946
1369;4007
137;3682
1370;1534
1371;5656
1372;2439
1373;3308
1374;1865
1375;1370
1376;5340
1377;1177
1378;789
1379;5940
138;6165
1380;8564
1381;8392
1382;8705
1383;8559
1384;7356
1385;8125
1386;1379
1387;5094
1388;2973
1389;7888
139;649
1390;4952
1391;7700
1392;6105
1393;1624
1394;2894
1395;8333
1396;1406
1397;8583
1398;237
1399;6188
14;2317
140;4242
1400;121
1401;5806
1402;3491
1403;1964
1404;1360
1405;6181
1406;7950
1407;5295
1408;3121
1409;7475
141;8156
1410;2311
1411;3421
1412;8295
1413;2653
1414;621
1415;4766
1416;5480
1417;566
1418;4626
1419;66
142;8887
1420;4456
1421;1153
1422;5190
1423;2633
1424;1046
1425;5559
1426;5287
1427;2699
1428;6264
1429;2498
143;7742
1430;2738
1431;8514
1432;1804
1433;2207
1434;7407
1435;6155
1436;3775
1437;201
1438;6322
1439;2618
144;8243
1440;7865
1441;1965
1442;500
1443;3021
1444;7577
1445;6602
1446;5267
1447;1694
1448;5782
1449;1705
145;4015
1450;165
1451;1137
1452;4481
1453;8216
1454;675
1455;2273
1456;2903
1457;4916
1458;298
1459;2893
146;6614
1460;8818
1461;608
1462;594
1463;6909
1464;6624
1465;6393
1466;3572
1467;6623
1468;6385
1469;8507
147;7557
1470;2705
1471;8463
1472;609
1473;2168
1474;2340
1475;931
1476;1535
1477;534
1478;6528
1479;7771
148;4990
1480;406
1481;8420
1482;4151
1483;7511
1484;8443
1485;1876
1486;1711
1487;8036
1488;4384
1489;1805
149;6247
1490;1605
1491;7408
1492;1007
1493;8063
1494;6118
1495;2707
1496;7740
1497;2583
1498;1868
1499;467
15;7902
150;2984
1500;1780
1501;6019
1502;4945
1503;3754
1504;3868
1505;4886
1506;2462
1507;2755
1508;4807
1509;7479
151;1251
1510;6711
1511;6496
1512;4293
1513;321
1514;186
1515;6756
1516;2220
1517;6429
1518;7109
1519;6348
152;1816
1520;7623
1521;7349
1522;2624
1523;110
1524;8565
1525;3185
1526;4380
1527;5695
1528;7211
1529;7297
153;5628
1530;2110
1531;130
1532;8056
1533;2800
1534;8860
1535;5552
1536;4170
1537;1364
1538;4485
1539;616
154;3745
1540;7428
1541;2849
1542;1505
1543;4467
1544;6865
1545;3743
1546;916
1547;1056
1548;6386
1549;3529
155;1427
1550;2772
1551;7122
1552;2658
1553;6125
1554;6579
1555;7695
1556;667
1557;586
1558;469
1559;6914
156;4971
1560;2929
1561;296
1562;1243
1563;1774
1564;2348
1565;7204
1566;2063
1567;3511
1568;5252
1569;5384
157;6065
1570;4530
1571;4165
1572;5328
1573;7009
1574;7413
1575;8387
1576;3989
1577;7445
1578;5536
1579;3570
158;4644
1580;1810
1581;8670
1582;6373
1583;4981
1584;2175
1585;2144
1586;6489
1587;3384
1588;1032
1589;585
159;7248
1590;6664
1591;4427
1592;3808
1593;7665
1594;6395
1595;7202
1596;2910
1597;6466
1598;3146
1599;5433
16;7352
160;30
1600;368
1601;112
1602;2000
1603;5174
1604;8184
1605;5913
1606;1755
1607;5439
1608;7024
1609;3547
161;6700
1610;123
1611;7170
1612;2369
1613;1926
1614;1434
1615;4550
1616;6657
1617;838
1618;7372
1619;4988
162;1712
1620;6423
1621;5408
1622;3107
1623;7049
1624;5855
1625;2648
1626;628
1627;7539
1628;3128
1629;8757
163;147
1630;3011
1631;7342
1632;3251
1633;2680
1634;3519
1635;6408
1636;4176
1637;8516
1638;1279
1639;1833
164;6220
1640;7032
1641;3533
1642;2496
1643;313
1644;6984
1645;2300
1646;4055
1647;3859
1648;5631
1649;1889
165;1795
1650;620
1651;4094
1652;754
1653;2667
1654;141
1655;5122
1656;117
1657;5516
1658;2788
1659;5114
166;6341
1660;8384
1661;2619
1662;322
1663;1225
1664;6340
1665;73
1666;4228
1667;4720
1668;2732
1669;2500
167;4575
1670;3377
1671;5251
1672;7467
1673;3440
1674;877
1675;4141
1676;5421
1677;4262
1678;3492
1679;6516
168;4147
1680;3969
1681;4113
1682;7214
1683;5358
1684;6258
1685;6389
1686;5473
1687;8856
1688;2400
1689;4037
169;6631
1690;6434
1691;2041
1692;6706
1693;8396
1694;3617
1695;7046
1696;804
1697;6295
1698;1389
1699;7927
17;6550
170;5831
1700;7687
1701;7782
1702;274
1703;2508
1704;6789
1705;2006
1706;791
1707;1108
1708;561
1709;311
171;5500
1710;2826
1711;8171
1712;8400
1713;3297
1714;5864
1715;8129
1716;2510
1717;2328
1718;8882
1719;4531
172;7383
1720;1884
1721;6970
1722;6111
1723;168
1724;4204
1725;7748
1726;7839
1727;8455
1728;4765
1729;7186
173;6270
1730;7973
1731;2842
1732;7070
1733;1695
1734;7682
1735;6106
1736;4247
1737;6025
1738;1159
1739;3017
174;2578
1740;7513
1741;7998
1742;4801
1743;3940
1744;2717
1745;497
1746;1902
1747;3453
1748;2053
1749;306
175;8345
1750;3143
1751;153
1752;8012
1753;595
1754;6479
1755;2186
1756;6571
1757;7302
1758;1318
1759;785
176;4959
1760;1096
1761;1861
1762;7571
1763;8857
1764;4650
1765;8488
1766;544
1767;6895
1768;5884
1769;1311
177;5681
1770;2116
1771;1612
1772;4887
1773;7664
1774;1641
1775;458
1776;8212
1777;2523
1778;988
1779;2874
178;5116
1780;2409
1781;924
1782;4400
1783;2829
1784;8294
1785;2640
1786;1923
1787;7440
1788;8027
1789;3756
179;7495
1790;3279
1791;7263
1792;4128
1793;7317
1794;1461
1795;6021
1796;5600
1797;3607
1798;8740
1799;3000
18;7596
180;2595
1800;6301
1801;6366
1802;905
1803;6342
1804;7711
1805;1143
1806;3885
1807;636
1808;6110
1809;3296
181;2216
1810;7851
1811;4845
1812;7549
1813;3804
1814;1149
1815;2799
1816;6617
1817;6444
1818;289
1819;2270
182;1283
1820;3784
1821;1155
1822;2670
1823;1760
1824;2590
1825;5920
1826;5392
1827;4109
1828;5119
1829;2377
183;489
1830;8341
1831;4554
1832;3952
1833;3493
1834;3714
1835;7020
1836;8348
1837;6838
1838;2304
1839;3496
184;3873
1840;3778
1841;7389
1842;3231
1843;3965
1844;8834
1845;1794
1846;2862
1847;3964
1848;7030
1849;99
185;2704
1850;4753
1851;3562
1852;5610
1853;3431
1854;3414
1855;7190
1856;5506
1857;7911
1858;2055
1859;217
186;6634
1860;5767
1861;2584
1862;4701
1863;1307
1864;3339
1865;831
1866;5061
1867;4510
1868;4997
1869;4373
187;3723
1870;4448
1871;1590
1872;7606
1873;4364
1874;1492
1875;4377
1876;2037
1877;5447
1878;3388
1879;2297
188;1363
1880;6999
1881;6058
1882;7379
1883;376
1884;6350
1885;1930
1886;6454
1887;6140
1888;22
1889;2050
189;4054
1890;4405
1891;6066
1892;6357
1893;6250
1894;6879
1895;3479
1896;3236
1897;852
1898;6288
1899;4193
19;7875
190;40
1900;3485
1901;4340
1902;8640
1903;3513
1904;546
1905;7756
1906;4161
1907;996
1908;1988
1909;4417
191;8337
1910;2102
1911;3861
1912;7343
1913;6817
1914;6747
1915;7491
1916;7666
1917;107
1918;1985
1919;6737
192;2878
1920;8775
1921;1576
1922;8273
1923;909
1924;7979
1925;6687
1926;7454
1927;5304
1928;8626
1929;7176
193;4345
1930;3923
1931;4890
1932;5298
1933;1350
1934;2507
1935;1796
1936;964
1937;3410
1938;5088
1939;5415
194;8175
1940;1949
1941;2847
1942;3044
1943;2214
1944;7167
1945;4895
1946;7320
1947;1545
1948;8879
1949;1811
195;3662
1950;4571
1951;5543
1952;1809
1953;87
1954;92
1955;1284
1956;2083
1957;1112
1958;7724
1959;1561
196;1991
1960;5837
1961;637
1962;6334
1963;888
1964;7353
1965;3984
1966;5740
1967;3740
1968;5773
1969;3401
197;2514
1970;1019
1971;5685
1972;1716
1973;3301
1974;1595
1975;7616
1976;3002
1977;3402
1978;3246
1979;1677
198;1162
1980;5904
1981;2018
1982;7892
1983;3106
1984;3025
1985;7384
1986;5333
1987;7547
1988;4607
1989;4907
199;6399
1990;43
1991;7861
1992;5414
1993;529
1994;6277
1995;5066
1996;4212
1997;6208
1998;2172
1999;4841
2;6802
20;5948
200;8812
2000;145
2001;5373
2002;1185
2003;1706
2004;3019
2005;454
2006;7621
2007;74
2008;1627
2009;3184
201;1676
2010;344
2011;1821
2012;4804
2013;1030
2014;4036
2015;1981
2016;2593
2017;2999
2018;7997
2019;3454
202;2014
2020;1908
2021;2782
2022;1524
2023;5128
2024;8436
2025;5643
2026;6493
2027;3904
2028;742
2029;2196
203;2516
2030;6797
2031;1674
2032;1571
2033;4013
2034;8199
2035;3522
2036;5805
2037;128
2038;3881
2039;2203
204;7804
2040;6641
2041;8075
2042;390
2043;7746
2044;2656
2045;8388
2046;6882
2047;3876
2048;5242
2049;4029
205;2490
2050;6584
2051;5230
2052;7937
2053;6414
2054;6513
2055;2437
2056;3418
2057;391
2058;3746
2059;1021
206;6089
2060;4393
2061;5400
2062;3818
2063;1193
2064;6324
2065;5964
2066;6985
2067;1749
2068;205
2069;8759
207;5281
2070;8406
2071;8838
2072;1943
2073;6018
2074;2025
2075;5962
2076;4717
2077;8055
2078;5802
2079;2622
208;3253
2080;3770
2081;8052
2082;1464
2083;240
2084;8013
2085;7862
2086;8446
2087;5110
2088;6364
2089;143
209;2140
2090;7002
2091;1553
2092;2756
2093;3261
2094;5303
2095;6133
2096;6457
2097;5052
2098;8669
2099;6562
21;2691
210;3127
2100;3974
2101;4311
2102;353
2103;3332
2104;3285
2105;6078
2106;6621
2107;6812
2108;8380
2109;1455
211;1125
2110;2649
2111;4366
2112;1320
2113;378
2114;5435
2115;1346
2116;8155
2117;4985
2118;3167
2119;3911
212;1875
2120;4953
2121;7644
2122;7563
2123;6055
2124;3077
2125;6881
2126;966
2127;839
2128;1118
2129;3517
213;8305
2130;8324
2131;6166
2132;7968
2133;756
2134;1895
2135;7660
2136;3521
2137;568
2138;6524
2139;2591
214;8330
2140;5041
2141;2285
2142;1556
2143;3686
2144;4201
2145;63
2146;8416
2147;8615
2148;7602
2149;2362
215;315
2150;7150
2151;4737
2152;3383
2153;4618
2154;5007
2155;4659
2156;7790
2157;6669
2158;4060
2159;4519
216;611
2160;6832
2161;1488
2162;8093
2163;4915
2164;5245
2165;8833
2166;2079
2167;8870
2168;5160
2169;2284
217;5513
2170;2477
2171;1419
2172;5198
2173;3675
2174;5758
2175;579
2176;4368
2177;4428
2178;91
2179;524
218;1939
2180;6534
2181;5774
2182;6317
2183;7722
2184;7411
2185;12
2186;2827
2187;5360
2188;4504
2189;4670
219;8798
2190;5101
2191;875
2192;1707
2193;7530
2194;2789
2195;3004
2196;474
2197;2071
2198;1414
2199;4064
22;398
220;5146
2200;7605
2201;5170
2202;7351
2203;6729
2204;7827
2205;3601
2206;6683
2207;8167
2208;2424
2209;958
221;1698
2210;4027
2211;2075
2212;1104
2213;4296
2214;5645
2215;2380
2216;956
2217;1516
2218;6841
2219;5954
222;3026
2220;2131
2221;6942
2222;340
2223;8134
2224;6330
2225;5828
2226;1473
2227;363
2228;7067
2229;2226
223;3531
2230;1015
2231;644
2232;5321
2233;1323
2234;8173
2235;6863
2236;3869
2237;2741
2238;7519
2239;169
224;3291
2240;7208
2241;3538
2242;261
2243;2222
2244;4653
2245;3684
2246;6349
2247;8414
2248;6034
2249;7683
225;1241
2250;8418
2251;3005
2252;7494
2253;3361
2254;7036
2255;7368
2256;7620
2257;3815
2258;2775
2259;6437
226;3076
2260;6440
2261;3645
2262;8650
2263;4912
2264;7028
2265;977
2266;5764
2267;2654
2268;8228
2269;1643
227;3690
2270;4184
2271;2625
2272;8139
2273;772
2274;5741
2275;2298
2276;5467
2277;5757
2278;7964
2279;6168
228;8820
2280;7452
2281;6467
2282;2146
2283;2208
2284;600
2285;5998
2286;4927
2287;3766
2288;1904
2289;7509
229;6535
2290;1839
2291;5688
2292;2127
2293;3919
2294;1348
2295;5438
2296;7945
2297;5997
2298;5234
2299;4513
23;2513
230;1689
2300;8580
2301;7818
2302;1194
2303;5026
2304;7929
2305;6443
2306;82
2307;8207
2308;7052
2309;1737
231;2553
2310;3420
2311;8176
2312;1062
2313;1280
2314;3195
2315;2205
2316;3618
2317;4919
2318;8519
2319;1020
232;4687
2320;2036
2321;4189
2322;5365
2323;2244
2324;7826
2325;1013
2326;1165
2327;184
2328;4408
2329;8783
233;2750
2330;3663
2331;6948
2332;8
2333;1786
2334;1630
2335;3844
2336;3256
2337;5535
2338;75
2339;837
234;1621
2340;7239
2341;5664
2342;8165
2343;1640
2344;7503
2345;6613
2346;1090
2347;249
2348;4198
2349;8395
235;3901
2350;4561
2351;4082
2352;5833
2353;7453
2354;7422
2355;6302
2356;6030
2357;492
2358;2598
2359;2002
236;6839
2360;6517
2361;1293
2362;5650
2363;185
2364;4308
2365;623
2366;4867
2367;5975
2368;4775
2369;4132
237;4723
2370;7832
2371;3443
2372;4880
2373;6890
2374;614
2375;782
2376;8079
2377;7504
2378;3294
2379;5089
238;6888
2380;7697
2381;8117
2382;5289
2383;2542
2384;17
2385;5432
2386;3029
2387;488
2388;7410
2389;2120
239;3042
2390;3932
2391;2851
2392;2672
2393;6712
2394;3293
2395;3870
2396;283
2397;8848
2398;7203
2399;5934
24;3465
240;8528
2400;7718
2401;6068
2402;7105
2403;7747
2404;3350
2405;476
2406;4183
2407;3163
2408;2061
2409;3240
241;7595
2410;5338
2411;7399
2412;7934
2413;4820
2414;222
2415;2046
2416;780
2417;745
2418;4936
2419;383
242;1807
2420;1385
2421;7021
2422;2248
2423;6413
2424;6027
2425;1934
2426;4970
2427;4490
2428;2807
2429;4435
243;8241
2430;5276
2431;7903
2432;5481
2433;550
2434;1248
2435;8164
2436;714
2437;4222
2438;1008
2439;2354
244;3922
2440;6183
2441;1395
2442;6358
2443;1068
2444;2833
2445;3155
2446;335
2447;2725
2448;5185
2449;6941
245;1041
2450;5507
2451;4764
2452;2950
2453;2554
2454;3190
2455;1544
2456;8737
2457;4794
2458;7677
2459;863
246;4840
2460;4495
2461;8535
2462;1288
2463;5401
2464;5896
2465;2961
2466;7174
2467;4538
2468;6369
2469;5946
247;1665
2470;2066
2471;7444
2472;7272
2473;5918
2474;7526
2475;779
2476;8665
2477;1075
2478;7219
2479;3053
248;882
2480;3482
2481;8077
2482;5188
2483;8815
2484;7546
2485;1200
2486;4040
2487;6766
2488;8188
2489;3578
249;673
2490;2563
2491;1421
2492;4058
2493;4751
2494;1526
2495;6084
2496;1025
2497;3347
2498;1397
2499;603
25;8864
250;1725
2500;8566
2501;1170
2502;1664
2503;6430
2504;3982
2505;3427
2506;6448
2507;1044
2508;947
2509;8555
251;1049
2510;5661
2511;8061
2512;8434
2513;3632
2514;3833
2515;2883
2516;1901
2517;6823
2518;8614
2519;6313
252;3900
2520;5524
2521;1907
2522;3639
2523;2585
2524;242
2525;712
2526;8331
2527;8381
2528;5410
2529;3298
253;2384
2530;1886
2531;3244
2532;61
2533;4217
2534;2657
2535;7874
2536;5167
2537;6932
2538;7878
2539;3555
254;2715
2540;3278
2541;6670
2542;4817
2543;6131
2544;8274
2545;5542
2546;8357
2547;4361
2548;7412
2549;1221
255;5341
2550;3086
2551;2928
2552;4608
2553;5745
2554;3741
2555;4138
2556;6987
2557;1708
2558;2104
2559;159
256;385
2560;4876
2561;8022
2562;3288
2563;5675
2564;1027
2565;2991
2566;4819
2567;6809
2568;3340
2569;7121
257;5692
2570;8229
2571;979
2572;4727
2573;1970
2574;36
2575;5072
2576;685
2577;7992
2578;266
2579;6947
258;3441
2580;669
2581;3359
2582;2166
2583;227
2584;2901
2585;2541
2586;3140
2587;6238
2588;7813
2589;3337
259;1984
2590;910
2591;4762
2592;2891
2593;5549
2594;5530
2595;1696
2596;8849
2597;1842
2598;4186
2599;140
26;235
260;6930
2600;8224
2601;1126
2602;7837
2603;8795
2604;6268
2605;5503
2606;5906
2607;1799
2608;5161
2609;8869
261;709
2610;4929
2611;3392
2612;8673
2613;8311
2614;7180
2615;3355
2616;5890
2617;5247
2618;96
2619;1022
262;2218
2620;2596
2621;5223
2622;3976
2623;4719
2624;35
2625;8602
2626;5124
2627;8532
2628;4096
2629;4348
263;4937
2630;3187
2631;3619
2632;4388
2633;1113
2634;5583
2635;6505
2636;3613
2637;2714
2638;8237
2639;7991
264;5050
2640;3582
2641;7075
2642;682
2643;4512
2644;5399
2645;7625
2646;5209
2647;6574
2648;6925
2649;1502
265;3668
2650;4449
2651;5846
2652;4188
2653;6022
2654;5464
2655;5632
2656;4483
2657;1175
2658;3133
2659;2169
266;8811
2660;6836
2661;6521
2662;1996
2663;6913
2664;1823
2665;8413
2666;4956
2667;4812
2668;717
2669;8582
267;5779
2670;4350
2671;635
2672;2058
2673;7928
2674;8050
2675;8699
2676;851
2677;1899
2678;2425
2679;5704
268;4944
2680;4191
2681;6885
2682;7054
2683;286
2684;3233
2685;8619
2686;5352
2687;2109
2688;1507
2689;941
269;4975
2690;7627
2691;4564
2692;7962
2693;2373
2694;7933
2695;8099
2696;2769
2697;1493
2698;7459
2699;5653
27;1570
270;6041
2700;8681
2701;1252
2702;2463
2703;7045
2704;413
2705;7757
2706;3201
2707;2812
2708;7458
2709;8832
271;7736
2710;7887
2711;4067
2712;3997
2713;6511
2714;975
2715;4079
2716;5420
2717;4051
2718;3189
2719;482
272;4565
2720;2808
2721;5679
2722;4127
2723;3955
2724;6833
2725;1117
2726;6853
2727;2550
2728;6013
2729;7116
273;1387
2730;7542
2731;6485
2732;3783
2733;1039
2734;7056
2735;2918
2736;1163
2737;5176
2738;5541
2739;1567
274;6305
2740;6147
2741;2520
2742;2817
2743;6510
2744;4010
2745;8372
2746;1871
2747;7699
2748;1074
2749;4487
275;1220
2750;6695
2751;676
2752;4883
2753;6002
2754;8696
2755;3129
2756;1523
2757;1277
2758;8801
2759;7142
276;6081
2760;5133
2761;8010
2762;638
2763;764
2764;5019
2765;3757
2766;4562
2767;8405
2768;6937
2769;77
277;2848
2770;2474
2771;243
2772;1480
2773;8646
2774;8498
2775;1381
2776;6606
2777;6064
2778;5743
2779;8352
278;2824
2780;1188
2781;6132
2782;6048
2783;7802
2784;6226
2785;2324
2786;8492
2787;5579
2788;7690
2789;4243
279;1938
2790;4482
2791;2532
2792;3369
2793;7709
2794;8641
2795;7990
2796;2588
2797;3473
2798;18
2799;1
28;5609
280;752
2800;2287
2801;437
2802;4523
2803;3862
2804;1195
2805;3307
2806;5671
2807;5761
2808;4298
2809;4231
281;5666
2810;1589
2811;7194
2812;6531
2813;3399
2814;5727
2815;5733
2816;2990
2817;7752
2818;5448
2819;670
282;3985
2820;452
2821;2069
2822;4960
2823;6497
2824;6215
2825;2366
2826;1892
2827;6346
2828;6360
2829;6825
283;7092
2830;3232
2831;5982
2832;7993
2833;170
2834;503
2835;7796
2836;656
2837;7382
2838;1709
2839;7171
284;3123
2840;6506
2841;2881
2842;1114
2843;4316
2844;4642
2845;1145
2846;1903
2847;1776
2848;3018
2849;5308
285;5604
2850;2742
2851;3642
2852;6452
2853;5838
2854;1205
2855;6919
2856;6115
2857;1566
2858;4073
2859;5889
286;2142
2860;206
2861;6542
2862;6872
2863;6561
2864;228
2865;371
2866;7404
2867;4662
2868;4773
2869;6478
287;2636
2870;2361
2871;6810
2872;1681
2873;3733
2874;6894
2875;3694
2876;2487
2877;1748
2878;3884
2879;5594
288;4830
2880;4954
2881;241
2882;4896
2883;3643
2884;2234
2885;4517
2886;1386
2887;2159
2888;2122
2889;5218
289;2953
2890;5419
2891;519
2892;1860
2893;3226
2894;3039
2895;8439
2896;7638
2897;8080
2898;6887
2899;8409
29;3664
290;4491
2900;929
2901;1726
2902;6727
2903;3717
2904;727
2905;8119
2906;8121
2907;3389
2908;2919
2909;1637
291;6967
2910;3132
2911;6679
2912;5626
2913;631
2914;5107
2915;6093
2916;8732
2917;8649
2918;5544
2919;1742
292;5823
2920;7891
2921;1309
2922;3691
2923;6964
2924;4389
2925;2571
2926;3126
2927;6272
2928;68
2929;4152
293;1070
2930;5141
2931;885
2932;8118
2933;932
2934;708
2935;1827
2936;6417
2937;2193
2938;6859
2939;7158
294;8533
2940;7367
2941;6555
2942;5901
2943;618
2944;7562
2945;1356
2946;6783
2947;548
2948;5351
2949;8422
295;7068
2950;8886
2951;3220
2952;5723
2953;8240
2954;5139
2955;2419
2956;6557
2957;7124
2958;3255
2959;4294
296;8525
2960;5843
2961;5013
2962;5489
2963;6828
2964;724
2965;2356
2966;4272
2967;1050
2968;3075
2969;3424
297;8793
2970;4688
2971;8780
2972;4080
2973;3681
2974;3732
2975;5189
2976;6583
2977;1703
2978;7708
2979;3790
298;1396
2980;5977
2981;563
2982;1835
2983;435
2984;8730
2985;7
2986;672
2987;8456
2988;7680
2989;1459
299;2767
2990;1359
2991;723
2992;7688
2993;3242
2994;6213
2995;6736
2996;4676
2997;5362
2998;890
2999;3502
3;7977
30;364
300;3119
3000;352
3001;3192
3002;1515
3003;2621
3004;8706
3005;6255
3006;5725
3007;7289
3008;859
3009;2959
301;6578
3010;1758
3011;1305
3012;4498
3013;6265
3014;7026
3015;4910
3016;7492
3017;582
3018;1579
3019;748
302;393
3020;8652
3021;1361
3022;3475
3023;7261
3024;826
3025;2779
3026;6134
3027;5316
3028;8457
3029;5246
303;7537
3030;7462
3031;7223
3032;6986
3033;5810
3034;792
3035;3090
3036;900
3037;5159
3038;5883
3039;3406
304;7815
3040;6404
3041;3894
3042;2339
3043;4447
3044;8364
3045;5555
3046;1931
3047;4689
3048;3646
3049;5505
305;3937
3050;13
3051;1416
3052;4684
3053;8423
3054;6431
3055;908
3056;7810
3057;5233
3058;4018
3059;6702
306;3752
3060;2190
3061;537
3062;4675
3063;6864
3064;8354
3065;8766
3066;1924
3067;2447
3068;1083
3069;7278
307;2766
3070;619
3071;4503
3072;6763
3073;3012
3074;8586
3075;4951
3076;3003
3077;51
3078;1180
3079;902
308;2972
3080;3966
3081;923
3082;4159
3083;4372
3084;3863
3085;6989
3086;8367
3087;796
3088;8097
3089;2927
309;4921
3090;6701
3091;6643
3092;32
3093;992
3094;8262
3095;83
3096;8370
3097;434
3098;5085
3099;5905
31;7161
310;2661
3100;8083
3101;7449
3102;8403
3103;2834
3104;5102
3105;1256
3106;1201
3107;3704
3108;8260
3109;6501
311;6492
3110;5413
3111;3295
3112;2292
3113;4508
3114;2009
3115;6622
3116;5706
3117;4149
3118;1920
3119;3375
312;5142
3120;4905
3121;1079
3122;5193
3123;1489
3124;3272
3125;4736
3126;1355
3127;7958
3128;4005
3129;3198
313;3731
3130;8144
3131;5309
3132;1295
3133;913
3134;4339
3135;3380
3136;1727
3137;8263
3138;2913
3139;7184
314;5077
3140;8690
3141;2060
3142;1115
3143;8045
3144;6171
3145;3498
3146;571
3147;496
3148;8496
3149;8484
315;4365
3150;2887
3151;5211
3152;4832
3153;3046
3154;3673
3155;5232
3156;7264
3157;6922
3158;4730
3159;751
316;7914
3160;4526
3161;4889
3162;538
3163;49
3164;3933
3165;552
3166;572
3167;1031
3168;4409
3169;5127
317;6179
3170;8718
3171;7446
3172;6374
3173;3045
3174;1261
3175;196
3176;3292
3177;8062
3178;5778
3179;7287
318;2798
3180;1144
3181;8303
3182;3214
3183;3854
3184;3999
3185;2352
3186;1679
3187;2804
3188;3747
3189;5454
319;3596
3190;8060
3191;7224
3192;1057
3193;2748
3194;8462
3195;7592
3196;285
3197;2111
3198;244
3199;1583
32;1768
320;4137
3200;7744
3201;6203
3202;7882
3203;3648
3204;100
3205;345
3206;8620
3207;1980
3208;7305
3209;3823
321;980
3210;4129
3211;5545
3212;1092
3213;5886
3214;2283
3215;3500
3216;8539
3217;421
3218;3147
3219;8713
322;840
3220;5346
3221;5058
3222;5984
3223;6673
3224;3764
3225;2459
3226;7097
3227;755
3228;6630
3229;357
323;3633
3230;2506
3231;1692
3232;4587
3233;5248
3234;6518
3235;3988
3236;8623
3237;162
3238;331
3239;7078
324;1771
3240;6898
3241;1754
3242;7456
3243;7907
3244;1285
3245;2911
3246;5334
3247;7609
3248;3130
3249;7191
325;522
3250;2349
3251;4917
3252;3921
3253;8217
3254;5844
3255;4939
3256;7281
3257;2430
3258;5055
3259;4947
326;4043
3260;327
3261;8318
3262;2737
3263;2694
3264;10
3265;151
3266;8148
3267;3476
3268;1510
3269;7873
327;8111
3270;5813
3271;903
3272;1028
3273;6000
3274;1110
3275;2866
3276;6533
3277;4379
3278;6362
3279;4472
328;1852
3280;1181
3281;511
3282;701
3283;1751
3284;5265
3285;4862
3286;1134
3287;5746
3288;640
3289;4479
329;1658
3290;747
3291;5945
3292;5040
3293;282
3294;3727
3295;1639
3296;2524
3297;5424
3298;657
3299;8574
33;3166
330;6596
3300;5005
3301;3697
3302;6522
3303;4211
3304;8268
3305;2319
3306;3055
3307;5412
3308;1530
3309;7300
331;3378
3310;4264
3311;660
3312;1616
3313;6980
3314;1967
3315;4821
3316;7868
3317;806
3318;2422
3319;1471
332;5686
3320;1736
3321;1009
3322;1067
3323;122
3324;6917
3325;8215
3326;5585
3327;8254
3328;6299
3329;6691
333;8008
3330;6642
3331;5461
3332;3794
3333;693
3334;7544
3335;2845
3336;3821
3337;7314
3338;3265
3339;3967
334;1744
3340;4733
3341;8110
3342;2189
3343;4581
3344;4135
3345;6328
3346;3434
3347;1564
3348;1519
3349;4230
335;8193
3350;2763
3351;4784
3352;7949
3353;4181
3354;326
3355;2034
3356;1887
3357;3059
3358;8315
3359;7363
336;1660
3360;7655
3361;3052
3362;3709
3363;8058
3364;8551
3365;4253
3366;8513
3367;1033
3368;6128
3369;744
337;3277
3370;5018
3371;8863
3372;3819
3373;6380
3374;8468
3375;2916
3376;3172
3377;2617
3378;4502
3379;5095
338;6884
3380;6835
3381;5150
3382;3822
3383;6726
3384;8804
3385;248
3386;7309
3387;2720
3388;2057
3389;5165
339;392
3390;5732
3391;6901
3392;5297
3393;7347
3394;3730
3395;2158
3396;6532
3397;7538
3398;1954
3399;4035
34;7999
340;1735
3400;3953
3401;6325
3402;3068
3403;3014
3404;2564
3405;3708
3406;4492
3407;1452
3408;6204
3409;2665
341;5337
3410;4989
3411;103
3412;1377
3413;2336
3414;7432
3415;1791
3416;4351
3417;5129
3418;5186
3419;7499
342;4261
3420;5091
3421;318
3422;4045
3423;5430
3424;8070
3425;8612
3426;8660
3427;6793
3428;4623
3429;1393
343;7889
3430;5707
3431;4601
3432;5493
3433;504
3434;4726
3435;6480
3436;6257
3437;8867
3438;7618
3439;866
344;374
3440;7556
3441;8774
3442;2288
3443;2652
3444;2408
3445;4746
3446;8573
3447;2007
3448;2335
3449;1687
345;7333
3450;1917
3451;38
3452;7761
3453;8014
3454;3160
3455;127
3456;3459
3457;4111
3458;5078
3459;6821
346;8452
3460;2011
3461;1174
3462;8786
3463;3653
3464;874
3465;811
3466;1869
3467;6538
3468;7237
3469;6981
347;7834
3470;3711
3471;1035
3472;5468
3473;1304
3474;2797
3475;5822
3476;5641
3477;6315
3478;1262
3479;1101
348;6280
3480;4560
3481;8205
3482;8296
3483;8152
3484;109
3485;6028
3486;6770
3487;5534
3488;4226
3489;5976
349;8363
3490;5944
3491;5391
3492;5504
3493;5453
3494;661
3495;7967
3496;5537
3497;8284
3498;2515
3499;1793
35;3738
350;7816
3500;5132
3501;915
3502;6629
3503;1813
3504;7310
3505;6829
3506;6001
3507;7772
3508;7784
3509;4986
351;2623
3510;1761
3511;5898
3512;7377
3513;7939
3514;4924
3515;6214
3516;1229
3517;7296
3518;5799
3519;1724
352;3954
3520;3693
3521;2367
3522;1441
3523;1766
3524;5485
3525;7734
3526;8861
3527;7645
3528;328
3529;8057
353;5071
3530;2065
3531;928
3532;3409
3533;4069
3534;1038
3535;1573
3536;5601
3537;1234
3538;6149
3539;4596
354;3193
3540;8124
3541;6122
3542;4415
3543;6237
3544;7671
3545;5726
3546;3852
3547;7797
3548;6781
3549;1487
355;7930
3550;8549
3551;904
3552;1382
3553;2613
3554;448
3555;8451
3556;5660
3557;5436
3558;1509
3559;5784
356;8319
3560;3760
3561;4221
3562;4219
3563;187
3564;1354
3565;5166
3566;6931
3567;1792
3568;8146
3569;4208
357;405
3570;1957
3571;5237
3572;4171
3573;617
3574;1986
3575;3430
3576;4291
3577;8001
3578;4881
3579;3798
358;8625
3580;3880
3581;304
3582;6356
3583;370
3584;6514
3585;655
3586;8034
3587;8872
3588;1338
3589;7185
359;7652
3590;933
3591;630
3592;506
3593;224
3594;2023
3595;1462
3596;2204
3597;160
3598;1764
3599;3765
36;4749
360;8047
3600;2440
3601;5109
3602;5700
3603;3203
3604;5811
3605;4404
3606;1552
3607;2828
3608;1332
3609;5003
361;3655
3610;2934
3611;2405
3612;805
3613;7604
3614;1946
3615;1814
3616;4425
3617;5131
3618;5914
3619;4913
362;5747
3620;562
3621;4940
3622;6252
3623;4436
3624;4255
3625;8246
3626;2764
3627;1588
3628;7373
3629;8639
363;8716
3630;2464
3631;4271
3632;7610
3633;726
3634;912
3635;8779
3636;1770
3637;253
3638;4086
3639;1215
364;4076
3640;1265
3641;4685
3642;3925
3643;2395
3644;4450
3645;2994
3646;6184
3647;4593
3648;7043
3649;8043
365;6037
3650;6304
3651;7561
3652;5885
3653;2370
3654;3979
3655;4877
3656;1344
3657;4861
3658;2703
3659;1521
366;3169
3660;2170
3661;4893
3662;6656
3663;4359
3664;4301
3665;981
3666;6663
3667;2747
3668;8087
3669;8840
367;6740
3670;2019
3671;8082
3672;7582
3673;8287
3674;6915
3675;6545
3676;7242
3677;2637
3678;7178
3679;3820
368;6205
3680;8504
3681;4046
3682;2641
3683;4661
3684;8266
3685;4105
3686;3462
3687;3563
3688;5698
3689;7074
369;3225
3690;6498
3691;4786
3692;4714
3693;880
3694;6484
3695;639
3696;5396
3697;7845
3698;5196
3699;4209
37;3623
370;8467
3700;6141
3701;6960
3702;4776
3703;1580
3704;740
3705;6236
3706;2607
3707;3290
3708;6949
3709;6080
371;4083
3710;5083
3711;8677
3712;8722
3713;854
3714;3074
3715;3700
3716;4926
3717;6113
3718;4799
3719;3321
372;5183
3720;7957
3721;4098
3722;7206
3723;7630
3724;4694
3725;3936
3726;5353
3727;8709
3728;8458
3729;7308
373;4674
3730;1410
3731;2882
3732;4532
3733;7089
3734;7394
3735;6816
3736;3968
3737;5076
3738;5271
3739;300
374;3793
3740;3958
3741;6095
3742;7256
3743;144
3744;1240
3745;3235
3746;1268
3747;2547
3748;7629
3749;182
375;8515
3750;8734
3751;6972
3752;4743
3753;5479
3754;8288
3755;1124
3756;4789
3757;1099
3758;5622
3759;7339
376;4352
3760;8687
3761;3037
3762;7617
3763;8471
3764;5607
3765;461
3766;4437
3767;5840
3768;535
3769;5842
377;2963
3770;8433
3771;5307
3772;2265
3773;2415
3774;3400
3775;557
3776;4614
3777;4549
3778;177
3779;6668
378;2967
3780;7641
3781;2295
3782;2294
3783;729
3784;2843
3785;7913
3786;7182
3787;4983
3788;6375
3789;7597
379;3358
3790;8248
3791;6087
3792;7403
3793;574
3794;1720
3795;7135
3796;8636
3797;982
3798;1717
3799;2
38;439
380;6246
3800;8844
3801;6750
3802;867
3803;8819
3804;1353
3805;7926
3806;431
3807;1404
3808;4831
3809;7143
381;5035
3810;1109
3811;2815
3812;2157
3813;447
3814;2957
3815;4547
3816;6761
3817;2467
3818;1815
3819;3842
382;4652
3820;4868
3821;5425
3822;3843
3823;788
3824;8383
3825;4506
3826;2684
3827;1142
3828;6007
3829;8343
383;2805
3830;5374
3831;4747
3832;7668
3833;2052
3834;5750
3835;2344
3836;3506
3837;3951
3838;7897
3839;2299
384;6451
3840;2639
3841;1554
3842;2579
3843;3735
3844;7474
3845;725
3846;1951
3847;5860
3848;8479
3849;2488
385;766
3850;1522
3851;7227
3852;4418
3853;1269
3854;6020
3855;7846
3856;7471
3857;4066
3858;5377
3859;7502
386;6428
3860;4692
3861;7954
3862;15
3863;214
3864;3699
3865;5682
3866;8438
3867;7381
3868;1026
3869;4299
387;1478
3870;7293
3871;6784
3872;6831
3873;1189
3874;560
3875;4155
3876;2054
3877;6449
3878;2113
3879;1239
388;4577
3880;6384
3881;8547
3882;4630
3883;2333
3884;5955
3885;5538
3886;5177
3887;4874
3888;365
3889;2030
389;8107
3890;7568
3891;3082
3892;3429
3893;6633
3894;6708
3895;3094
3896;2257
3897;8855
3898;612
3899;3898
39;3471
390;6198
3900;7774
3901;610
3902;8281
3903;749
3904;2433
3905;3481
3906;6023
3907;6383
3908;8085
3909;5042
391;777
3910;1763
3911;8291
3912;3245
3913;2099
3914;3283
3915;2864
3916;6126
3917;7969
3918;3637
3919;8481
392;175
3920;8876
3921;4638
3922;7972
3923;7640
3924;1789
3925;5226
3926;8247
3927;4948
3928;6221
3929;1422
393;3592
3930;3212
3931;4334
3932;6939
3933;2457
3934;8407
3935;7405
3936;1798
3937;2021
3938;1040
3939;456
394;5739
3940;2899
3941;7483
3942;8651
3943;479
3944;2393
3945;1982
3946;6961
3947;1657
3948;7230
3949;4709
395;1900
3950;1844
3951;8114
3952;6559
3953;2505
3954;2986
3955;8628
3956;5311
3957;878
3958;3715
3959;4699
396;3368
3960;4690
3961;8659
3962;3371
3963;7823
3964;3532
3965;3266
3966;6537
3967;794
3968;3575
3969;5355
397;3316
3970;5760
3971;1653
3972;3660
3973;5584
3974;8031
3975;3956
3976;1260
3977;8078
3978;7484
3979;3850
398;2830
3980;7580
3981;8256
3982;8016
3983;8141
3984;4589
3985;2651
3986;7535
3987;6897
3988;3941
3989;464
399;4700
3990;3376
3991;8755
3992;6197
3993;7941
3994;3520
3995;6576
3996;7175
3997;8608
3998;753
3999;7235
4;1848
40;3035
400;6950
4000;4542
4001;2315
4002;5550
4003;6896
4004;1922
4005;7055
4006;432
4007;2296
4008;2746
4009;1486
401;2303
4010;6284
4011;6540
4012;2293
4013;8208
4014;8421
4015;7487
4016;4778
4017;7527
4018;5514
4019;4378
402;3457
4020;5302
4021;6312
4022;5575
4023;5306
4024;2279
4025;5395
4026;4628
4027;5389
4028;8537
4029;6090
403;512
4030;3678
4031;7656
4032;5999
4033;3099
4034;4814
4035;5074
4036;3998
4037;1808
4038;7876
4039;6401
404;4458
4040;1838
4041;420
4042;5032
4043;6418
4044;2504
4045;259
4046;6752
4047;3696
4048;4551
4049;575
405;5717
4050;591
4051;7229
4052;7426
4053;2526
4054;2167
4055;5638
4056;2787
4057;5858
4058;1976
4059;7207
406;455
4060;6684
4061;6010
4062;4825
4063;599
4064;5581
4065;3348
4066;7719
4067;8598
4068;5010
4069;2074
407;951
4070;2721
4071;7035
4072;5895
4073;3800
4074;1014
4075;1150
4076;6503
4077;3860
4078;6223
4079;6057
408;4982
4080;954
4081;3567
4082;8285
4083;8321
4084;4278
4085;4641
4086;4338
4087;3995
4088;7717
4089;1423
409;651
4090;6748
4091;6775
4092;8179
4093;2411
4094;5953
4095;2043
4096;6768
4097;4457
4098;8758
4099;7099
41;632
410;2192
4100;2589
4101;5048
4102;1448
4103;6185
4104;8550
4105;4307
4106;1548
4107;4885
4108;7093
4109;4120
411;273
4110;8024
4111;1463
4112;2876
4113;5714
4114;4282
4115;5951
4116;6186
4117;2115
4118;1549
4119;2974
412;5988
4120;3165
4121;3516
4122;5105
4123;4163
4124;5839
4125;23
4126;3284
4127;4543
4128;7647
4129;1536
413;1212
4130;4583
4131;8249
4132;2278
4133;5736
4134;2531
4135;4287
4136;4110
4137;8502
4138;7729
4139;5456
414;7169
4140;4115
4141;4847
4142;6525
4143;4190
4144;1950
4145;2360
4146;8877
4147;3751
4148;3489
4149;6904
415;6367
4150;5495
4151;5789
4152;1555
4153;4375
4154;7000
4155;2224
4156;2823
4157;842
4158;3054
4159;1166
416;2154
4160;1855
4161;1997
4162;8209
4163;1663
4164;8762
4165;6077
4166;5713
4167;7948
4168;2121
4169;4075
417;5928
4170;695
4171;1352
4172;1408
4173;4613
4174;3247
4175;188
4176;5785
4177;4669
4178;7566
4179;6876
418;95
4180;2091
4181;6899
4182;5826
4183;3518
4184;5462
4185;194
4186;453
4187;8435
4188;2614
4189;5765
419;2470
4190;7778
4191;5995
4192;8751
4193;5367
4194;3553
4195;4203
4196;1532
4197;3845
4198;7090
4199;8764
42;1246
420;1836
4200;3032
4201;475
4202;232
4203;457
4204;6006
4205;3705
4206;3540
4207;6792
4208;5642
4209;3813
421;1840
4210;6529
4211;1700
4212;2940
4213;5588
4214;4101
4215;3413
4216;6549
4217;4122
4218;7836
4219;7255
422;8558
4220;8158
4221;3689
4222;6957
4223;7437
4224;2320
4225;3595
4226;4657
4227;7730
4228;1064
4229;3176
423;3994
4230;3610
4231;3382
4232;6352
4233;8563
4234;5416
4235;3219
4236;8187
4237;6554
4238;5181
4239;5958
424;5969
4240;5879
4241;1271
4242;5073
4243;5269
4244;7482
4245;8622
4246;2885
4247;4539
4248;507
4249;314
425;7387
4250;3016
4251;659
4252;5195
4253;4756
4254;1306
4255;7840
4256;5239
4257;3718
4258;2067
4259;3948
426;277
4260;4759
4261;3091
4262;451
4263;6962
4264;2841
4265;6738
4266;5208
4267;487
4268;4245
4269;3802
427;3634
4270;3934
4271;1890
4272;3626
4273;5816
4274;4284
4275;6410
4276;5637
4277;8033
4278;7801
4279;2403
428;7559
4280;8489
4281;4
4282;7285
4283;5701
4284;7817
4285;4836
4286;8577
4287;3959
4288;251
4289;1533
429;7390
4290;4863
4291;2948
4292;6804
4293;7779
4294;5236
4295;1757
4296;6690
4297;4980
4298;8875
4299;2132
43;1866
430;2924
4300;6051
4301;4401
4302;407
4303;256
4304;1237
4305;8802
4306;5521
4307;1693
4308;7188
4309;3206
431;8595
4310;3554
4311;5625
4312;5327
4313;7027
4314;6032
4315;6209
4316;7337
4317;7192
4318;4114
4319;2925
432;2085
4320;8390
4321;8382
4322;2941
4323;5551
4324;5191
4325;7159
4326;8503
4327;8763
4328;6099
4329;3466
433;8178
4330;5204
4331;6824
4332;6465
4333;4088
4334;3719
4335;2997
4336;1105
4337;5830
4338;5342
4339;5496
434;3102
4340;8743
4341;1191
4342;4403
4343;6160
4344;8312
4345;758
4346;802
4347;7963
4348;7986
4349;2539
435;8314
4350;6365
4351;5916
4352;1301
4353;1286
4354;8325
4355;1881
4356;7820
4357;2765
4358;2909
4359;5084
436;681
4360;8189
4361;3692
4362;5694
4363;5582
4364;8772
4365;1785
4366;2139
4367;4658
4368;8353
4369;2790
437;545
4370;7386
4371;3444
4372;349
4373;4903
4374;215
4375;6419
4376;3360
4377;3753
4378;1540
4379;1446
438;8257
4380;5282
4381;3683
4382;3986
4383;6144
4384;5573
4385;7005
4386;634
4387;5113
4388;601
4389;3280
439;1196
4390;6954
4391;1831
4392;207
4393;2855
4394;1484
4395;7050
4396;4958
4397;42
4398;3394
4399;8122
44;1340
440;7283
4400;2914
4401;3755
4402;171
4403;6323
4404;7867
4405;6256
4406;3769
4407;2952
4408;7947
4409;1477
441;4057
4410;2552
4411;6047
4412;7040
4413;4576
4414;1897
4415;907
4416;31
4417;3227
4418;891
4419;4779
442;8611
4420;5028
4421;2394
4422;6193
4423;7345
4424;8219
4425;7047
4426;1651
4427;5602
4428;3855
4429;6893
443;4025
4430;4156
4431;1673
4432;853
4433;8736
4434;7583
4435;4346
4436;7704
4437;3449
4438;8289
4439;8298
444;3472
4440;6758
4441;8379
4442;4126
4443;6180
4444;2850
4445;2968
4446;2867
4447;7497
4448;7965
4449;3602
445;2268
4450;6446
4451;1326
4452;1005
4453;3671
4454;6951
4455;5910
4456;24
4457;414
4458;5749
4459;3899
446;5451
4460;7457
4461;2987
4462;3315
4463;6070
4464;1071
4465;7553
4466;6916
4467;1085
4468;270
4469;8025
447;6686
4470;3010
4471;2452
4472;4535
4473;6400
4474;7811
4475;4768
4476;8094
4477;7732
4478;80
4479;7280
448;8667
4480;2716
4481;7130
4482;5792
4483;8546
4484;7686
4485;7800
4486;1474
4487;279
4488;1429
4489;6487
449;799
4490;3576
4491;5117
4492;4084
4493;1281
4494;533
4495;691
4496;6361
4497;1500
4498;3857
4499;683
45;8843
450;3154
4500;8562
4501;6722
4502;735
4503;1830
4504;5800
4505;7262
4506;7576
4507;5852
4508;1017
4509;3796
451;4468
4510;2254
4511;6363
4512;6117
4513;7152
4514;297
4515;6779
4516;7508
4517;1357
4518;8605
4519;8871
452;2213
4520;5255
4521;1139
4522;8203
4523;3060
4524;1244
4525;1335
4526;4695
4527;3907
4528;4760
4529;881
453;6071
4530;4698
4531;7838
4532;305
4533;2546
4534;1415
4535;5872
4536;850
4537;3417
4538;1082
4539;7893
454;5068
4540;1927
4541;4387
4542;5405
4543;7010
4544;1775
4545;2275
4546;7520
4547;770
4548;6548
4549;5017
455;125
4550;5049
4551;7369
4552;356
4553;6319
4554;4566
4555;2501
4556;5547
4557;2431
4558;7077
4559;1701
456;3442
4560;485
4561;264
4562;5983
4563;361
4564;6873
4565;8771
4566;262
4567;5867
4568;1097
4569;5790
457;1928
4570;3182
4571;5054
4572;5081
4573;7127
4574;473
4575;301
4576;8143
4577;4664
4578;3762
4579;1330
458;6398
4580;4092
4581;2936
4582;137
4583;8358
4584;1729
4585;4335
4586;1916
4587;6600
4588;8530
4589;6229
459;7558
4590;4009
4591;7210
4592;3448
4593;5974
4594;5556
4595;5849
4596;1832
4597;7392
4598;442
4599;3587
46;6546
460;886
4600;2889
4601;3781
4602;6704
4603;7981
4604;5612
4605;1654
4606;6730
4607;1888
4608;8654
4609;3785
461;174
4610;7107
4611;896
4612;716
4613;3390
4614;236
4615;784
4616;2844
4617;8613
4618;3412
4619;7315
462;8126
4620;3556
4621;5570
4622;3806
4623;2049
4624;471
4625;4275
4626;7983
4627;247
4628;8506
4629;1511
463;1971
4630;1779
4631;8112
4632;7051
4633;1925
4634;6732
4635;2355
4636;4588
4637;7275
4638;3814
4639;4834
464;6148
4640;3816
4641;5978
4642;2806
4643;7750
4644;795
4645;2141
4646;2943
4647;6096
4648;2024
4649;5915
465;6158
4650;2129
4651;8596
4652;3851
4653;410
4654;3138
4655;5711
4656;2886
4657;2307
4658;2135
4659;6094
466;577
4660;4063
4661;5277
4662;245
4663;8821
4664;7721
4665;1778
4666;3345
4667;7095
4668;5856
4669;2227
467;6620
4670;84
4671;821
4672;944
4673;6083
4674;7689
4675;8377
4676;2740
4677;2977
4678;1972
4679;1611
468;2954
4680;8552
4681;8874
4682;5359
4683;4034
4684;1829
4685;3456
4686;6603
4687;195
4688;3826
4689;1442
469;7793
4690;337
4691;820
4692;953
4693;372
4694;6085
4695;2951
4696;4708
4697;822
4698;5258
4699;1559
47;3674
470;4493
4700;5490
4701;329
4702;8683
4703;102
4704;6182
4705;2242
4706;7706
4707;1334
4708;2353
4709;1047
471;8817
4710;1593
4711;722
4712;3606
4713;2188
4714;841
4715;5956
4716;6450
4717;3334
4718;1228
4719;7776
472;6760
4720;3608
4721;7141
4722;7257
4723;4987
4724;4625
4725;3677
4726;6733
4727;2241
4728;6114
4729;3981
473;4855
4730;4134
4731;287
4732;8441
4733;5567
4734;4707
4735;5015
4736;6676
4737;5363
4738;2177
4739;6570
474;7904
4740;2031
4741;2020
4742;6194
4743;5477
4744;1961
4745;1300
4746;8021
4747;7572
4748;3960
4749;2416
475;8794
4750;2441
4751;257
4752;5149
4753;5335
4754;2004
4755;7365
4756;7850
4757;2232
4758;8309
4759;6082
476;2629
4760;4969
4761;4309
4762;746
4763;7980
4764;5814
4765;2280
4766;5832
4767;425
4768;3557
4769;8866
477;1894
4770;2330
4771;2727
4772;5098
4773;2290
4774;1600
4775;2904
4776;104
4777;7489
4778;3447
4779;2946
478;650
4780;3890
4781;6974
4782;3269
4783;2857
4784;3875
4785;3352
4786;7672
4787;5715
4788;7416
4789;1517
479;7201
4790;7236
4791;737
4792;1087
4793;7218
4794;8600
4795;1551
4796;6046
4797;7322
4798;7119
4799;3048
48;870
480;5587
4800;4962
4801;1287
4802;8810
4803;64
4804;1296
4805;55
4806;8127
4807;3706
4808;3721
4809;8792
481;8826
4810;336
4811;8356
4812;347
4813;6638
4814;1257
4815;146
4816;204
4817;7430
4818;2616
4819;2567
482;7397
4820;8633
4821;8695
4822;2998
4823;1847
4824;4716
4825;5197
4826;8880
4827;1407
4828;4798
4829;6273
483;4263
4830;4180
4831;9
4832;531
4833;1952
4834;7569
4835;7041
4836;7013
4837;5043
4838;3113
4839;8708
484;2302
4840;5770
4841;8048
4842;1208
4843;5605
4844;8113
4845;1622
4846;3152
4847;8656
4848;3463
4849;1586
485;8884
4850;265
4851;8575
4852;1254
4853;7091
4854;6276
4855;2551
4856;3239
4857;8227
4858;934
4859;3117
486;5006
4860;8038
4861;5361
4862;2176
4863;5163
4864;4521
4865;3467
4866;2269
4867;3221
4868;7940
4869;8711
487;7100
4870;8576
4871;2413
4872;5634
4873;5528
4874;3487
4875;8293
4876;7250
4877;3828
4878;8432
4879;5411
488;1953
4880;2291
4881;6988
4882;3742
4883;624
4884;7073
4885;2905
4886;7061
4887;7292
4888;2570
4889;7522
489;4395
4890;6616
4891;6647
4892;6759
4893;7298
4894;2493
4895;6426
4896;5039
4897;991
4898;8447
4899;7896
49;6580
490;1671
4900;4633
4901;362
4902;1745
4903;4371
4904;6494
4905;7406
4906;4162
4907;348
4908;4648
4909;6008
491;6476
4910;5768
4911;4118
4912;3515
4913;4864
4914;1164
4915;477
4916;873
4917;8116
4918;2502
4919;884
492;7915
4920;1574
4921;7693
4922;8511
4923;5322
4924;8609
4925;8426
4926;7766
4927;5759
4928;8427
4929;6230
493;4860
4930;5546
4931;4995
4932;97
4933;1227
4934;3599
4935;3110
4936;6975
4937;990
4938;1880
4939;3095
494;7290
4940;894
4941;645
4942;2181
4943;3636
4944;2915
4945;8878
4946;5036
4947;3577
4948;761
4949;6471
495;3078
4950;8523
4951;7103
4952;6240
4953;2402
4954;5156
4955;3631
4956;5597
4957;2739
4958;1376
4959;6892
496;7505
4960;7327
4961;3905
4962;3289
4963;2321
4964;6698
4965;2010
4966;5235
4967;2247
4968;8836
4969;3022
497;6652
4970;8645
4971;7976
4972;5922
4973;7994
4974;2338
4975;6447
4976;6486
4977;1450
4978;6801
4979;6248
498;5781
4980;8115
4981;4728
4982;8830
4983;7374
4984;8365
4985;5925
4986;3248
4987;3001
4988;4791
4989;5194
499;7488
4990;8355
4991;1662
4992;5593
4993;7361
4994;2825
4995;323
4996;4265
4997;5140
4998;3326
4999;7807
5;135
50;5878
500;1222
5000;4872
5001;4501
5002;5595
5003;698
5004;959
5005;2215
5006;1642
5007;2277
5008;6504
5009;998
501;2182
5010;3564
5011;7642
5012;4788
5013;687
5014;2969
5015;7831
5016;2148
5017;1619
5018;1135
5019;4979
502;2816
5020;4166
5021;4059
5022;466
5023;2677
5024;3744
5025;5212
5026;5288
5027;7611
5028;8635
5029;5763
503;911
5030;5801
5031;1893
5032;1638
5033;5917
5034;942
5035;8277
5036;2276
5037;8647
5038;3561
5039;7745
504;1130
5040;7132
5041;8610
5042;3495
5043;7139
5044;2856
5045;5221
5046;4739
5047;7019
5048;3670
5049;2475
505;4187
5050;1402
5051;738
5052;3552
5053;2701
5054;825
5055;4569
5056;7165
5057;3536
5058;8784
5059;8109
506;5426
5060;284
5061;5578
5062;25
5063;5305
5064;4678
5065;4257
5066;5348
5067;8808
5068;5868
5069;658
507;1682
5070;4100
5071;3886
5072;1756
5073;7195
5074;525
5075;7600
5076;2594
5077;5558
5078;6337
5079;2090
508;3512
5080;6803
5081;8361
5082;4303
5083;1883
5084;4777
5085;4851
5086;7066
5087;1983
5088;4976
5089;2197
509;3007
5090;2528
5091;5378
5092;590
5093;8485
5094;6746
5095;4106
5096;6866
5097;1398
5098;7786
5099;8096
51;8809
510;5409
5100;7338
5101;2558
5102;1649
5103;1342
5104;8101
5105;6581
5106;8816
5107;8888
5108;8283
5109;39
511;6601
5110;2768
5111;7031
5112;6508
5113;4412
5114;3208
5115;8000
5116;898
5117;2364
5118;7942
5119;2399
512;7460
5120;8234
5121;6717
5122;3908
5123;3028
5124;8868
5125;7334
5126;526
5127;4460
5128;5851
5129;2342
513;2136
5130;4356
5131;3370
5132;5458
5133;8373
5134;8095
5135;2479
5136;5614
5137;2059
5138;1969
5139;2676
514;715
5140;879
5141;2145
5142;2368
5143;178
5144;8028
5145;3580
5146;1675
5147;1476
5148;969
5149;3499
515;6677
5150;5738
5151;2038
5152;6162
5153;3763
5154;2923
5155;7528
5156;8862
5157;2970
5158;1819
5159;8408
516;8748
5160;3771
5161;8264
5162;7464
5163;6744
5164;6045
5165;7612
5166;4398
5167;316
5168;7536
5169;4761
517;2482
5170;1122
5171;4772
5172;8202
5173;4423
5174;5317
5175;833
5176;3748
5177;5466
5178;1111
5179;1929
518;20
5180;6827
5181;8644
5182;4654
5183;6754
5184;3707
5185;2744
5186;5921
5187;6671
5188;8253
5189;6644
519;7956
5190;5780
5191;1820
5192;1375
5193;2858
5194;4011
5195;2753
5196;2243
5197;8019
5198;6883
5199;1302
52;5103
520;807
5200;2112
5201;3728
5202;965
5203;5619
5204;4925
5205;1299
5206;4914
5207;4117
5208;1171
5209;6849
521;6219
5210;5460
5211;2173
5212;597
5213;5217
5214;7762
5215;375
5216;8417
5217;2123
5218;3404
5219;7614
522;6461
5220;7743
5221;3403
5222;2557
5223;6724
5224;7249
5225;786
5226;6432
5227;8744
5228;8761
5229;4800
523;4342
5230;8631
5231;1339
5232;6239
5233;3170
5234;404
5235;6655
5236;542
5237;2671
5238;3436
5239;1514
524;4595
5240;8084
5241;5655
5242;3724
5243;6233
5244;7824
5245;1428
5246;7325
5247;5403
5248;8196
5249;1634
525;359
5250;2937
5251;1752
5252;7720
5253;6359
5254;4192
5255;862
5256;4829
5257;6608
5258;4782
5259;5967
526;8404
5260;4998
5261;1000
5262;5329
5263;3777
5264;6307
5265;8637
5266;4729
5267;834
5268;6015
5269;5615
527;5728
5270;6862
5271;2794
5272;7241
5273;1592
5274;8385
5275;4612
5276;7414
5277;769
5278;1803
5279;4168
528;209
5280;1702
5281;1274
5282;2347
5283;6459
5284;4928
5285;2195
5286;4477
5287;6016
5288;5284
5289;156
529;1610
5290;1267
5291;2449
5292;1801
5293;5038
5294;3287
5295;5075
5296;6103
5297;5253
5298;6137
5299;6632
53;7631
530;893
5300;8671
5301;6900
5302;1141
5303;6998
5304;8391
5305;5220
5306;4604
5307;4839
5308;7370
5309;8727
531;1858
5310;713
5311;2512
5312;8837
5313;4735
5314;731
5315;3834
5316;192
5317;989
5318;6353
5319;6749
532;899
5320;2895
5321;5320
5322;6806
5323;7989
5324;6527
5325;3305
5326;2545
5327;3282
5328;824
5329;5993
533;6063
5330;2258
5331;8760
5332;7063
5333;3313
5334;578
5335;2259
5336;3872
5337;3993
5338;8578
5339;5603
534;5012
5340;2312
5341;3573
5342;7777
5343;4856
5344;4432
5345;3888
5346;6159
5347;7088
5348;7366
5349;4178
535;6944
5350;5418
5351;4496
5352;4816
5353;4004
5354;8494
5355;2256
5356;1380
5357;1058
5358;1069
5359;1310
536;2603
5360;7385
5361;1460
5362;940
5363;7131
5364;1249
5365;5016
5366;7670
5367;7273
5368;4520
5369;6500
537;4232
5370;1073
5371;1631
5372;6973
5373;2418
5374;4349
5375;4898
5376;7575
5377;1119
5378;2752
5379;8691
538;987
5380;3346
5381;6906
5382;4146
5383;6716
5384;4978
5385;8154
5386;167
5387;4431
5388;6202
5389;8701
539;803
5390;2407
5391;6773
5392;1525
5393;2314
5394;3914
5395;1183
5396;2229
5397;8410
5398;4631
5399;1963
54;4124
540;7025
5400;757
5401;2696
5402;65
5403;1449
5404;5624
5405;3150
5406;1609
5407;5818
5408;8270
5409;6696
541;8675
5410;1828
5411;5388
5412;5394
5413;166
5414;5250
5415;1148
5416;4331
5417;486
5418;2757
5419;3930
542;4077
5420;6370
5421;7548
5422;5488
5423;5225
5424;6211
5425;5501
5426;763
5427;711
5428;8480
5429;8163
543;1235
5430;2802
5431;6886
5432;5754
5433;7512
5434;4461
5435;8182
5436;2228
5437;1231
5438;5659
5439;4941
544;5737
5440;4397
5441;8459
5442;730
5443;3071
5444;6667
5445;2476
5446;4042
5447;8344
5448;4021
5449;4803
545;4748
5450;5776
5451;4892
5452;3486
5453;8827
5454;7970
5455;5972
5456;3344
5457;1336
5458;129
5459;6031
546;7209
5460;8346
5461;44
5462;3263
5463;2719
5464;8235
5465;7901
5466;8805
5467;5261
5468;1078
5469;5450
547;5912
5470;480
5471;648
5472;6351
5473;1076
5474;366
5475;7555
5476;7059
5477;4052
5478;4112
5479;8136
548;4546
5480;6507
5481;7987
5482;71
5483;5474
5484;4310
5485;6195
5486;4590
5487;6790
5488;1591
5489;7659
549;5431
5490;4480
5491;1322
5492;7231
5493;7341
5494;817
5495;4394
5496;2434
5497;3628
5498;5434
5499;4797
55;4646
550;4143
5500;4224
5501;8023
5502;4426
5503;4330
5504;2316
5505;5475
5506;7364
5507;7770
5508;6468
5509;3100
551;7674
5510;8703
5511;6978
5512;6123
5513;7003
5514;8648
5515;8521
5516;3787
5517;6509
5518;2710
5519;6654
552;2047
5520;8359
5521;4286
5522;2249
5523;3600
5524;450
5525;5939
5526;7076
5527;8495
5528;8040
5529;1190
553;2454
5530;6912
5531;5923
5532;7715
5533;7468
5534;8873
5535;6628
5536;8170
5537;4445
5538;2081
5539;3183
554;1168
5540;3917
5541;5744
5542;1723
5543;8005
5544;1146
5545;6174
5546;5347
5547;2114
5548;4229
5549;5472
555;7564
5550;2635
5551;7340
5552;161
5553;3080
5554;8002
5555;513
5556;6059
5557;7022
5558;6689
5559;8065
556;4668
5560;8472
5561;4150
5562;1439
5563;2700
5564;5323
5565;6772
5566;5699
5567;3437
5568;41
5569;8624
557;2592
5570;2759
5571;8137
5572;6921
5573;1263
5574;741
5575;4651
5576;5755
5577;1011
5578;2565
5579;4386
558;3698
5580;4622
5581;733
5582;8067
5583;5523
5584;5762
5585;4682
5586;7252
5587;532
5588;8585
5589;8198
559;2126
5590;4465
5591;8531
5592;396
5593;2191
5594;3874
5595;7678
5596;5568
5597;293
5598;5001
5599;7485
56;8604
560;8313
5600;1652
5601;4627
5602;3304
5603;8104
5604;2530
5605;2152
5606;5494
5607;3829
5608;4529
5609;7667
561;2088
5610;7608
5611;6327
5612;2001
5613;6112
5614;2859
5615;402
5616;6587
5617;1242
5618;5121
5619;4507
562;7912
5620;5270
5621;5315
5622;2655
5623;5171
5624;2310
5625;275
5626;2077
5627;2331
5628;7541
5629;6035
563;6062
5630;4697
5631;3750
5632;7754
5633;6593
5634;7307
5635;2306
5636;3268
5637;6331
5638;4866
5639;6728
564;4438
5640;515
5641;491
5642;1331
5643;5817
5644;4357
5645;2962
5646;765
5647;2471
5648;5863
5649;3398
565;2163
5650;4677
5651;424
5652;5273
5653;4062
5654;4030
5655;8398
5656;1420
5657;2035
5658;1291
5659;1411
566;5201
5660;4041
5661;7525
5662;4347
5663;692
5664;6371
5665;37
5666;6153
5667;8349
5668;983
5669;5769
567;6800
5670;6394
5671;2478
5672;8419
5673;3720
5674;2511
5675;674
5676;334
5677;8347
5678;5517
5679;8497
568;7560
5680;7760
5681;5859
5682;6734
5683;1121
5684;1059
5685;2906
5686;605
5687;3366
5688;4249
5689;490
569;8865
5690;7971
5691;8707
5692;856
5693;3548
5694;8051
5695;7716
5696;3972
5697;1469
5698;6952
5699;2556
57;4620
570;2387
5700;7819
5701;6627
5702;8153
5703;816
5704;4121
5705;4647
5706;3579
5707;8803
5708;734
5709;3658
571;4459
5710;5243
5711;5130
5712;4017
5713;2663
5714;1445
5715;2326
5716;7433
5717;6281
5718;8591
5719;7714
572;8252
5720;5118
5721;5345
5722;4755
5723;2632
5724;4044
5725;3310
5726;4314
5727;906
5728;3197
5729;6097
573;1947
5730;3676
5731;6241
5732;8159
5733;3205
5734;1128
5735;2777
5736;1539
5737;4049
5738;6499
5739;1849
574;1172
5740;3450
5741;961
5742;8666
5743;8168
5744;3428
5745;6245
5746;963
5747;1942
5748;1633
5749;5911
575;3335
5750;6259
5751;1646
5752;1351
5753;3023
5754;254
5755;4259
5756;2134
5757;7496
5758;1456
5759;7651
576;4541
5760;1178
5761;6979
5762;7486
5763;4974
5764;2165
5765;6651
5766;6577
5767;2087
5768;5990
5769;7137
577;2760
5770;7863
5771;5979
5772;7844
5773;1851
5774;5080
5775;556
5776;6053
5777;4534
5778;7247
5779;2003
578;1102
5780;7918
5781;2980
5782;6372
5783;6109
5784;6390
5785;3795
5786;4328
5787;4585
5788;3122
5789;664
579;1169
5790;6741
5791;7069
5792;7270
5793;3259
5794;1369
5795;3970
5796;4833
5797;1466
5798;8161
5799;3177
58;203
580;2483
5800;2040
5801;4433
5802;4555
5803;3115
5804;2485
5805;3416
5806;1932
5807;4899
5808;7935
5809;2561
581;4679
5810;1136
5811;2390
5812;1562
5813;8663
5814;5932
5815;6207
5816;2318
5817;5966
5818;5257
5819;1825
582;3651
5820;1644
5821;1435
5822;2497
5823;5099
5824;6903
5825;8543
5826;6192
5827;2442
5828;8597
5829;3685
583;5057
5830;2880
5831;2162
5832;1152
5833;8461
5834;3480
5835;8133
5836;3701
5837;4950
5838;8399
5839;3616
584;510
5840;5515
5841;423
5842;2879
5843;1454
5844;7988
5845;1685
5846;7080
5847;8627
5848;4108
5849;6143
585;5565
5850;6661
5851;5903
5852;8425
5853;2327
5854;417
5855;6300
5856;5533
5857;5710
5858;4594
5859;5560
586;1759
5860;1550
5861;8100
5862;5775
5863;8509
5864;1317
5865;1846
5866;3950
5867;3641
5868;6124
5869;7628
587;3062
5870;8183
5871;8371
5872;4288
5873;1151
5874;3341
5875;7661
5876;2681
5877;3353
5878;4050
5879;19
588;7691
5880;8335
5881;3980
5882;2420
5883;6038
5884;4464
5885;6244
5886;6274
5887;520
5888;3620
5889;6637
589;2678
5890;6920
5891;4713
5892;2627
5893;6940
5894;3085
5895;2958
5896;1138
5897;6844
5898;5300
5899;2712
59;6042
590;4276
5900;6762
5901;5224
5902;6553
5903;7710
5904;3125
5905;342
5906;5877
5907;4462
5908;918
5909;132
591;5207
5910;1106
5911;1721
5912;6120
5913;4142
5914;8360
5915;949
5916;4787
5917;2754
5918;8218
5919;2089
592;272
5920;6502
5921;7788
5922;3469
5923;6552
5924;5037
5925;6635
5926;1581
5927;5115
5928;1187
5929;2073
593;7071
5930;4177
5931;5147
5932;6152
5933;2027
5934;3853
5935;1107
5936;1426
5937;2080
5938;4131
5939;3072
594;7675
5940;7463
5941;2150
5942;3330
5943;8211
5944;5134
5945;6992
5946;7871
5947;8797
5948;1998
5949;1769
595;2385
5950;4527
5951;1418
5952;2245
5953;3323
5954;8777
5955;4289
5956;1219
5957;6278
5958;8376
5959;8259
596;4273
5960;6309
5961;6135
5962;4374
5963;5980
5964;3541
5965;6490
5966;8719
5967;2813
5968;108
5969;7401
597;2376
5970;7830
5971;5463
5972;2711
5973;3598
5974;3866
5975;7550
5976;4473
5977;2372
5978;5244
5979;7794
598;1051
5980;8655
5981;2382
5982;1289
5983;5709
5984;2494
5985;7985
5986;6033
5987;8782
5988;6320
5989;1722
599;2781
5990;5753
5991;3213
5992;1292
5993;4901
5994;6056
5995;3314
5996;5930
5997;5386
5998;2206
5999;53
6;895
60;4810
600;8478
6000;3902
6001;4466
6002;4757
6003;1877
6004;5848
6005;7894
6006;8157
6007;6282
6008;2536
6009;728
601;2785
6010;1772
6011;810
6012;7975
6013;1016
6014;4559
6015;8076
6016;8286
6017;2549
6018;528
6019;1968
602;5927
6020;180
6021;1314
6022;3432
6023;4732
6024;7354
6025;5949
6026;2522
6027;2117
6028;827
6029;5991
603;553
6030;1413
6031;1365
6032;7136
6033;1457
6034;430
6035;5777
6036;1872
6037;4918
6038;1405
6039;6969
604;4116
6040;2735
6041;4745
6042;8852
6043;3196
6044;7053
6045;7984
6046;5986
6047;1607
6048;2870
6049;4528
605;4225
6050;350
6051;8473
6052;6108
6053;2793
6054;8225
6055;7920
6056;2660
6057;8717
6058;5669
6059;4454
606;5909
6060;6739
6061;4442
6062;3322
6063;310
6064;8616
6065;5025
6066;539
6067;559
6068;5326
6069;4218
607;527
6070;5865
6071;2371
6072;3759
6073;2086
6074;3194
6075;7038
6076;2309
6077;8402
6078;1089
6079;7294
608;4210
6080;1856
6081;6788
6082;7140
6083;2427
6084;1321
6085;78
6086;2773
6087;2846
6088;1547
6089;483
609;8280
6090;8606
6091;776
6092;28
6093;3669
6094;6060
6095;2683
6096;6997
6097;2662
6098;4169
6099;8806
61;6121
610;8829
6100;4837
6101;694
6102;1214
6103;6778
6104;1777
6105;8378
6106;4909
6107;678
6108;6436
6109;6958
611;7427
6110;6681
6111;5153
6112;4671
6113;2118
6114;4696
6115;6780
6116;5553
6117;5783
6118;3604
6119;4497
612;6266
6120;1782
6121;7332
6122;199
6123;5652
6124;8213
6125;4396
6126;8221
6127;3038
6128;3372
6129;8276
613;4333
6130;2341
6131;2971
6132;1537
6133;836
6134;8594
6135;6072
6136;4616
6137;4381
6138;3405
6139;6283
614;1853
6140;3179
6141;869
6142;7396
6143;4933
6144;2517
6145;5469
6146;622
6147;858
6148;8336
6149;7423
615;1233
6150;6966
6151;7696
6152;6009
6153;5214
6154;5231
6155;2432
6156;4411
6157;3801
6158;6218
6159;4446
616;4320
6160;6543
6161;2718
6162;8642
6163;5286
6164;7151
6165;4130
6166;3867
6167;7507
6168;5531
6169;7193
617;1154
6170;2645
6171;5933
6172;4966
6173;4455
6174;6405
6175;6674
6176;5443
6177;3089
6178;5617
6179;6217
618;1161
6180;1098
6181;8529
6182;8323
6183;4706
6184;604
6185;4139
6186;4119
6187;7657
6188;6582
6189;8011
619;4815
6190;4781
6191;7436
6192;5325
6193;4592
6194;7799
6195;387
6196;4006
6197;849
6198;5274
6199;8749
62;7676
620;6850
6200;172
6201;6377
6202;1077
6203;3927
6204;518
6205;380
6206;8030
6207;6036
6208;4955
6209;1620
621;7731
6210;7434
6211;5766
6212;7350
6213;6344
6214;7419
6215;444
6216;2503
6217;3254
6218;997
6219;6163
622;7860
6220;8634
6221;4250
6222;1670
6223;3224
6224;5093
6225;2332
6226;3101
6227;6785
6228;8054
6229;8822
623;1120
6230;7952
6231;1741
6232;2538
6233;3831
6234;3387
6235;8245
6236;4942
6237;8150
6238;7284
6239;7259
624;4582
6240;4524
6241;3629
6242;7420
6243;1140
6244;2396
6245;5639
6246;6116
6247;4157
6248;7498
6249;2761
625;6392
6250;5059
6251;7418
6252;6190
6253;633
6254;3650
6255;6688
6256;7335
6257;2611
6258;3807
6259;7879
626;4514
6260;6991
6261;3063
6262;8584
6263;6568
6264;6318
6265;5182
6266;6769
6267;2932
6268;8258
6269;3084
627;690
6270;6575
6271;472
6272;6938
6273;7852
6274;4806
6275;5138
6276;3792
6277;1518
6278;4744
6279;8571
628;3461
6280;3149
6281;1308
6282;3849
6283;5024
6284;5422
6285;4665
6286;5155
6287;1615
6288;7106
6289;3957
629;5203
6290;6231
6291;8540
6292;3210
6293;3825
6294;1608
6295;846
6296;8756
6297;4525
6298;1614
6299;1123
63;3030
630;8607
6300;4179
6301;4325
6302;2444
6303;5031
6304;3047
6305;4879
6306;3725
6307;7357
6308;832
6309;2647
631;6091
6310;2264
6311;1176
6312;3897
6313;5238
6314;6243
6315;4362
6316;5259
6317;1470
6318;8108
6319;917
632;5172
6320;6052
6321;3144
6322;6858
6323;7877
6324;5902
6325;1715
6326;6564
6327;4024
6328;6382
6329;8674
633;5069
6330;2713
6331;2468
6332;1995
6333;8251
6334;3478
6335;5314
6336;4453
6337;8742
6338;662
6339;4014
634;1391
6340;4818
6341;5092
6342;2466
6343;4154
6344;2016
6345;4574
6346;6422
6347;8191
6348;1018
6349;2995
635;8041
6350;6705
6351;7348
6352;7570
6353;4943
6354;5029
6355;3568
6356;2456
6357;1565
6358;5222
6359;7681
636;8721
6360;1730
6361;2644
6362;4972
6363;5152
6364;5063
6365;5870
6366;5476
6367;3920
6368;8448
6369;4207
637;2605
6370;642
6371;8527
6372;7624
6373;5947
6374;5529
6375;2548
6376;2329
6377;1132
6378;7565
6379;2921
638;6955
6380;7098
6381;7443
6382;6263
6383;5874
6384;2875
6385;4429
6386;79
6387;7279
6388;8007
6389;8275
639;7847
6390;1045
6391;2103
6392;1060
6393;1432
6394;3477
6395;3391
6396;6924
6397;7424
6398;4185
6399;2989
64;5045
640;341
6400;2359
6401;613
6402;3175
6403;8265
6404;7442
6405;3008
6406;2013
6407;1065
6408;540
6409;4008
641;684
6410;3490
6411;7959
6412;58
6413;1490
6414;5525
6415;7574
6416;2860
6417;6867
6418;5087
6419;6039
642;4738
6420;2810
6421;6648
6422;7391
6423;1250
6424;813
6425;6329
6426;3847
6427;4216
6428;8510
6429;2722
643;7042
6430;8017
6431;8267
6432;1672
6433;4215
6434;7866
6435;4536
6436;6102
6437;6225
6438;2048
6439;6191
644;212
6440;281
6441;4681
6442;901
6443;1850
6444;4322
6445;6923
6446;5275
6447;2282
6448;6694
6449;6477
645;3497
6450;7007
6451;6995
6452;508
6453;8250
6454;743
6455;2868
6456;3590
6457;1206
6458;855
6459;4624
646;3105
6460;8278
6461;1503
6462;584
6463;7632
6464;6029
6465;973
6466;2337
6467;4563
6468;1316
6469;1919
647;2890
6470;3088
6471;2778
6472;8854
6473;4102
6474;2448
6475;8536
6476;2119
6477;3913
6478;3286
6479;7890
648;1319
6480;5680
6481;5199
6482;8044
6483;4093
6484;666
6485;1066
6486;4932
6487;5657
6488;5569
6489;1325
649;21
6490;1959
6491;5120
6492;2343
6493;3836
6494;3230
6495;1859
6496;7044
6497;1006
6498;8236
6499;4838
65;415
650;3159
6500;7586
6501;4329
6502;6861
6503;4718
6504;11
6505;3057
6506;1508
6507;5144
6508;5441
6509;5539
651;4828
6510;6794
6511;7321
6512;3064
6513;1207
6514;5786
6515;8568
6516;3827
6517;6599
6518;5959
6519;2171
652;1198
6520;4515
6521;4321
6522;8704
6523;8444
6524;567
6525;5228
6526;7205
6527;7311
6528;8542
6529;1870
653;2308
6530;3910
6531;4934
6532;8322
6533;7646
6534;4476
6535;8850
6536;7476
6537;2230
6538;2156
6539;1668
654;7825
6540;3338
6541;4260
6542;5331
6543;5372
6544;7751
6545;7581
6546;6820
6547;6293
6548;7712
6549;4570
655;6439
6550;2106
6551;498
6552;6856
6553;7326
6554;2776
6555;5437
6556;27
6557;8393
6558;6138
6559;1632
656;7961
6560;1921
6561;8739
6562;8029
6563;6753
6564;3528
6565;6127
6566;8556
6567;5192
6568;8088
6569;4123
657;50
6570;3324
6571;7789
6572;468
6573;6157
6574;6488
6575;8290
6576;3565
6577;4391
6578;3539
6579;4949
658;5576
6580;8828
6581;8491
6582;5919
6583;8440
6584;4617
6585;1680
6586;3525
6587;2489
6588;8769
6589;3222
659;5611
6590;1158
6591;1944
6592;1691
6593;4319
6594;3331
6595;290
6596;5371
6597;4783
6598;8279
6599;3615
66;5349
660;1765
6600;4416
6601;818
6602;7113
6603;3357
6604;2569
6605;8255
6606;6771
6607;3776
6608;6222
6609;2690
661;1993
6610;319
6611;6458
6612;8180
6613;1598
6614;4312
6615;4826
6616;2266
6617;2939
6618;1617
6619;3142
662;4306
6620;7932
6621;2865
6622;3439
6623;7552
6624;6139
6625;7785
6626;324
6627;4167
6628;1975
6629;4964
663;4290
6630;3864
6631;2237
6632;5379
6633;5296
6634;1874
6635;8679
6636;4020
6637;1425
6638;6146
6639;4285
664;1854
6640;6308
6641;1734
6642;6757
6643;2255
6644;1216
6645;1275
6646;5205
6647;864
6648;2795
6649;5112
665;4399
6650;3433
6651;7619
6652;1626
6653;8239
6654;2179
6655;6316
6656;5312
6657;2751
6658;3013
6659;1324
666;576
6660;5206
6661;2236
6662;6834
6663;7856
6664;446
6665;8269
6666;3034
6667;397
6668;3451
6669;8053
667;3597
6670;6814
6671;5651
6672;5478
6673;7253
6674;4026
6675;1444
6676;119
6677;181
6678;4556
6679;1467
668;1438
6680;7854
6681;1081
6682;2580
6683;2724
6684;5532
6685;8787
6686;1753
6687;1400
6688;5663
6689;8477
669;581
6690;2481
6691;2486
6692;3654
6693;4125
6694;704
6695;3173
6696;790
6697;4223
6698;4022
6699;3271
67;460
670;1236
6700;7149
6701;3799
6702;2791
6703;8548
6704;2469
6705;4279
6706;8680
6707;819
6708;6697
6709;5213
671;3363
6710;3507
6711;3336
6712;5924
6713;1147
6714;7455
6715;4691
6716;6714
6717;2008
6718;2461
6719;6556
672;4494
6720;5051
6721;8415
6722;3216
6723;6212
6724;2064
6725;302
6726;2480
6727;3178
6728;8621
6729;48
673;2669
6730;8366
6731;1690
6732;2221
6733;4440
6734;4591
6735;6177
6736;7692
6737;7921
6738;5621
6739;8588
674;5566
6740;3761
6741;7212
6742;7883
6743;2900
6744;5690
6745;5465
6746;5748
6747;970
6748;3786
6749;3797
675;8474
6750;2161
6751;1977
6752;1587
6753;3228
6754;7245
6755;7783
6756;3303
6757;1867
6758;6460
6759;6406
676;1718
6760;8464
6761;4920
6762;4973
6763;7101
6764;139
6765;1603
6766;3877
6767;1481
6768;7163
6769;2174
677;5111
6770;3098
6771;8428
6772;8714
6773;3446
6774;8790
6775;5931
6776;3258
6777;2976
6778;5606
6779;8853
678;7626
6780;2956
6781;2983
6782;7639
6783;4505
6784;7355
6785;1209
6786;7679
6787;8788
6788;4859
6789;8483
679;4518
6790;7960
6791;718
6792;6495
6793;5343
6794;2379
6795;3912
6796;1202
6797;8493
6798;6945
6799;1392
68;6210
680;1822
6800;8214
6801;1992
6802;2124
6803;2017
6804;1362
6805;2453
6806;4774
6807;2792
6808;7545
6809;8035
681;7304
6810;3262
6811;5484
6812;6567
6813;3858
6814;6294
6815;62
6816;173
6817;3118
6818;4452
6819;7828
682;1333
6820;6196
6821;1878
6822;5862
6823;6585
6824;4344
6825;7591
6826;6639
6827;7685
6828;5375
6829;3535
683;2026
6830;8476
6831;5996
6832;3638
6833;5897
6834;1472
6835;6453
6836;2499
6837;3931
6838;8282
6839;8767
684;389
6840;8244
6841;5022
6842;6610
6843;5145
6844;2666
6845;5908
6846;5875
6847;663
6848;4586
6849;892
685;2238
6850;1762
6851;4087
6852;8210
6853;4931
6854;8292
6855;1063
6856;1223
6857;760
6858;6407
6859;6693
686;445
6860;269
6861;7798
6862;7072
6863;3878
6864;8630
6865;1568
6866;2872
6867;967
6868;8560
6869;4857
687;2429
6870;5735
6871;7755
6872;3092
6873;4875
6874;4033
6875;995
6876;6345
6877;2005
6878;8192
6879;4240
688;7578
6880;7723
6881;6594
6882;3779
6883;3223
6884;994
6885;5079
6886;4244
6887;6321
6888;1913
6889;7480
689;1384
6890;750
6891;8738
6892;1686
6893;2687
6894;8725
6895;5096
6896;8300
6897;4754
6898;4434
6899;7735
69;4522
690;5845
6900;8750
6901;2697
6902;5881
6903;5815
6904;4089
6905;4771
6906;3275
6907;6420
6908;936
6909;2184
691;8375
6910;8729
6911;3973
6912;1497
6913;5264
6914;7177
6915;3659
6916;6946
6917;4414
6918;2935
6919;190
692;6798
6920;7006
6921;2525
6922;2346
6923;4469
6924;1750
6925;7179
6926;1955
6927;1790
6928;8689
6929;5292
693;3299
6930;2391
6931;6050
6932;5721
6933;5263
6934;4715
6935;4673
6936;3109
6937;2861
6938;6811
6939;1366
694;7096
6940;3103
6941;8220
6942;3009
6943;2562
6944;2577
6945;5060
6946;263
6947;8020
6948;7016
6949;5752
695;210
6950;2762
6951;381
6952;57
6953;429
6954;1582
6955;986
6956;154
6957;8106
6958;1029
6959;5180
696;5168
6960;505
6961;6605
6962;8272
6963;4470
6964;4048
6965;7886
6966;653
6967;1002
6968;5148
6969;7880
697;3889
6970;7521
6971;8037
6972;3158
6973;8490
6974;5154
6975;4882
6976;5900
6977;7808
6978;3379
6979;6731
698;4441
6980;8741
6981;3734
6982;1629
6983;3782
6984;8773
6985;2455
6986;7703
6987;6017
6988;3571
6989;4580
699;2955
6990;8735
6991;8232
6992;3961
6993;6709
6994;5677
6995;8587
6996;8733
6997;8768
6998;6573
6999;5796
7;8206
70;3871
700;3939
7000;2912
7001;2388
7002;3667
7003;260
7004;4053
7005;4202
7006;8223
7007;8039
7008;4489
7009;6815
701;4071
7010;1843
7011;739
7012;4254
7013;7584
7014;3136
7015;2351
7016;47
7017;2201
7018;1501
7019;4711
702;6474
7020;7018
7021;5633
7022;5795
7023;2357
7024;6569
7025;6049
7026;7995
7027;8579
7028;8524
7029;5687
703;3131
7030;4645
7031;7587
7032;3569
7033;5164
7034;6541
7035;6227
7036;6640
7037;226
7038;3411
7039;1390
704;7733
7040;5834
7041;400
7042;1157
7043;8194
7044;2199
7045;3739
7046;5887
7047;4383
7048;668
7049;2398
705;652
7050;3524
7051;937
7052;925
7053;4598
7054;8520
7055;4174
7056;8089
7057;7156
7058;4327
7059;2460
706;3050
7060;8430
7061;5787
7062;7469
7063;5591
7064;4031
7065;2643
7066;4823
7067;3883
7068;3649
7069;5319
707;7884
7070;6491
7071;6902
7072;7094
7073;7567
7074;4884
7075;5011
7076;985
7077;3726
7078;8230
7079;4615
708;5793
7080;4182
7081;3327
7082;1086
7083;2853
7084;2015
7085;46
7086;5357
7087;8589
7088;2286
7089;1560
709;4558
7090;7243
7091;6012
7092;3317
7093;2892
7094;3174
7095;6260
7096;5899
7097;5446
7098;4894
7099;1710
71;5670
710;6818
7100;459
7101;5318
7102;3508
7103;5402
7104;2428
7105;5440
7106;647
7107;7833
7108;3067
7109;4402
711;4237
7110;5262
7111;921
7112;8308
7113;3270
7114;5654
7115;408
7116;1298
7117;771
7118;5649
7119;7323
712;2381
7120;6877
7121;1666
7122;1935
7123;5254
7124;5952
7125;6796
7126;4672
7127;218
7128;8776
7129;3188
713;4153
7130;8332
7131;5487
7132;592
7133;589
7134;7931
7135;8073
7136;5722
7137;6878
7138;6150
7139;8720
714;3990
7140;1042
7141;7501
7142;8049
7143;4584
7144;7814
7145;3141
7146;8135
7147;3687
7148;1327
7149;5973
715;6483
7150;1800
7151;2250
7152;4597
7153;8204
7154;8694
7155;5683
7156;2401
7157;1001
7158;8386
7159;7118
716;2620
7160;5942
7161;1596
7162;759
7163;2809
7164;7329
7165;8617
7166;8728
7167;835
7168;5002
7169;294
717;7791
7170;6905
7171;6589
7172;8781
7173;69
7174;974
7175;5888
7176;2164
7177;767
7178;6397
7179;6024
718;1912
7180;1024
7181;7516
7182;8160
7183;5486
7184;3805
7185;7803
7186;4824
7187;233
7188;8069
7189;1989
719;4499
7190;3550
7191;6597
7192;6455
7193;1179
7194;5824
7195;8603
7196;7133
7197;2693
7198;436
7199;4844
72;4475
720;6609
7200;34
7201;3811
7202;2575
7203;115
7204;4724
7205;6918
7206;4911
7207;3574
7208;3274
7209;516
721;3703
7210;5968
7211;7060
7212;626
7213;4722
7214;3594
7215;6388
7216;3252
7217;7946
7218;3903
7219;6612
722;3772
7220;5497
7221;3243
7222;4451
7223;4639
7224;4640
7225;1313
7226;6462
7227;198
7228;2155
7229;2631
723;6874
7230;1669
7231;219
7232;3124
7233;8684
7234;6355
7235;223
7236;354
7237;7271
7238;677
7239;593
724;1409
7240;952
7241;812
7242;4160
7243;7885
7244;3938
7245;8544
7246;1648
7247;3640
7248;4850
7249;1093
725;268
7250;4341
7251;4081
7252;7086
7253;8590
7254;809
7255;6586
7256;7033
7257;1412
7258;7266
7259;2642
726;5936
7260;8512
7261;8006
7262;4410
7263;5970
7264;7388
7265;2202
7266;7698
7267;1572
7268;8570
7269;5313
727;2423
7270;4197
7271;1347
7272;7635
7273;8142
7274;6625
7275;2576
7276;7291
7277;5336
7278;8271
7279;7435
728;7781
7280;4315
7281;6983
7282;938
7283;2574
7284;338
7285;3935
7286;4424
7287;440
7288;8643
7289;3241
729;3622
7290;6682
7291;2783
7292;5678
7293;5135
7294;5064
7295;5703
7296;3393
7297;5283
7298;2451
7299;16
73;5106
730;86
7300;4233
7301;4199
7302;4854
7303;2668
7304;1048
7305;1133
7306;4849
7307;3423
7308;3056
7309;6591
731;4145
7310;4065
7311;3164
7312;7213
7313;6626
7314;2566
7315;5797
7316;6618
7317;6253
7318;1378
7319;2543
732;4283
7320;6104
7321;5963
7322;6666
7323;7222
7324;1498
7325;3458
7326;7478
7327;5590
7328;8362
7329;3946
733;957
7330;4358
7331;5596
7332;3856
7333;5720
7334;1563
7335;3
7336;6290
7337;1937
7338;419
7339;1358
734;3848
7340;8442
7341;6100
7342;6787
7343;499
7344;4544
7345;7331
7346;5381
7347;6368
7348;4710
7349;5804
735;3162
7350;7910
7351;3916
7352;7829
7353;5033
7354;7780
7355;1204
7356;6851
7357;7268
7358;2770
7359;8526
736;6911
7360;703
7361;7764
7362;6512
7363;3065
7364;4304
7365;5794
7366;2107
7367;351
7368;4621
7369;7221
737;493
7370;4605
7371;3891
7372;1602
7373;8814
7374;7529
7375;5592
7376;4241
7377;7663
7378;1520
7379;6044
738;7015
7380;8306
7381;4196
7382;5169
7383;7768
7384;4795
7385;5557
7386;3543
7387;216
7388;1210
7389;6854
739;8145
7390;3591
7391;8026
7392;7906
7393;3250
7394;6530
7395;3041
7396;2863
7397;1012
7398;7358
7399;5044
74;3830
740;6189
7400;6604
7401;2231
7402;4337
7403;3896
7404;4390
7405;3234
7406;1367
7407;5178
7408;8592
7409;7448
741;6379
7410;5894
7411;179
7412;8072
7413;7598
7414;2253
7415;4144
7416;3918
7417;3015
7418;4758
7419;6154
742;3104
7420;5137
7421;7265
7422;2097
7423;6472
7424;696
7425;5
7426;3841
7427;3073
7428;4853
7429;7858
743;2610
7430;7112
7431;2736
7432;60
7433;5086
7434;1264
7435;4567
7436;4353
7437;8765
7438;3061
7439;5623
744;6660
7440;2587
7441;5470
7442;5445
7443;5449
7444;1430
7445;3209
7446;2780
7447;197
7448;7183
7449;6645
745;4683
7450;521
7451;6926
7452;6977
7453;2947
7454;307
7455;2600
7456;7429
7457;6875
7458;4977
7459;7473
746;1192
7460;369
7461;5527
7462;6993
7463;3810
7464;8412
7465;509
7466;4871
7467;5937
7468;1433
7469;3928
747;5510
7470;6234
7471;8032
7472;797
7473;6971
7474;4234
7475;7465
7476;3584
7477;2143
7478;3333
7479;4238
748;2138
7480;4994
7481;502
7482;1714
7483;4808
7484;5175
7485;2774
7486;5354
7487;3812
7488;2938
7489;1797
749;7518
7490;889
7491;6933
7492;5100
7493;1329
7494;1739
7495;7081
7496;2160
7497;6755
7498;2491
7499;8657
75;7590
750;7328
7500;8682
7501;2682
7502;7173
7503;3526
7504;7215
7505;7899
7506;4323
7507;5502
7508;4852
7509;8389
751;4693
7510;5184
7511;4355
7512;7758
7513;2045
7514;1962
7515;2796
7516;2609
7517;7650
7518;6889
7519;5751
752;3915
7520;6713
7521;4655
7522;3644
7523;719
7524;7111
7525;3373
7526;5423
7527;7514
7528;5809
7529;5020
753;8015
7530;355
7531;3992
7532;2988
7533;4382
7534;7029
7535;4297
7536;7197
7537;6563
7538;183
7539;2597
754;5676
7540;133
7541;8431
7542;7493
7543;8200
7544;3768
7545;6927
7546;3514
7547;3680
7548;4032
7549;303
755;7200
7550;3422
7551;7258
7552;3204
7553;1197
7554;7274
7555;8678
7556;7240
7557;5047
7558;4996
7559;4099
756;59
7560;3977
7561;5512
7562;150
7563;5452
7564;7996
7565;1496
7566;6043
7567;8074
7568;1371
7569;1606
757;6347
7570;3523
7571;4085
7572;1806
7573;625
7574;6130
7575;5708
7576;861
7577;220
7578;1437
7579;3395
758;5157
7580;1743
7581;1276
7582;3069
7583;2708
7584;1911
7585;5200
7586;6481
7587;113
7588;7380
7589;1784
759;1834
7590;4068
7591;426
7592;8009
7593;3679
7594;551
7595;2731
7596;783
7597;4256
7598;5442
7599;202
76;7848
760;1906
7600;868
7601;6718
7602;1659
7603;5646
7604;8664
7605;8197
7606;5158
7607;1061
7608;5526
7609;1948
761;2873
7610;6310
7611;3229
7612;3558
7613;4028
7614;5397
7615;4420
7616;6378
7617;2922
7618;2975
7619;1987
762;3737
7620;1994
7621;865
7622;3625
7623;5943
7624;5427
7625;8091
7626;3276
7627;3963
7628;2421
7629;5293
763;7277
7630;2417
7631;3716
7632;3549
7633;6743
7634;976
7635;4680
7636;1451
7637;4267
7638;5866
7639;1091
764;2443
7640;1328
7641;7425
7642;6855
7643;7978
7644;6805
7645;5272
7646;2272
7647;3624
7648;781
7649;6782
765;8508
7650;6275
7651;6515
7652;8881
7653;191
7654;422
7655;2125
7656;7267
7657;7922
7658;399
7659;1941
766;8190
7660;3627
7661;8466
7662;6445
7663;5202
7664;7881
7665;7160
7666;7524
7667;2749
7668;6332
7669;1052
767;7128
7670;1245
7671;3789
7672;1733
7673;8450
7674;2706
7675;6176
7676;6703
7677;5961
7678;4637
7679;7102
768;7727
7680;1368
7681;7286
7682;8261
7683;7643
7684;4038
7685;1226
7686;5630
7687;2281
7688;3386
7689;2128
769;4421
7690;6774
7691;8092
7692;1678
7693;7765
7694;2964
7695;7842
7696;2568
7697;3947
7698;5589
7699;4326
77;7451
770;7812
7700;1447
7701;2688
7702;7739
7703;7767
7704;6469
7705;4486
7706;6880
7707;2305
7708;2039
7709;5562
771;6837
7710;3139
7711;3396
7712;6381
7713;4635
7714;999
7715;7238
7716;2949
7717;5827
7718;1272
7719;2151
772;4252
7720;6269
7721;6249
7722;6615
7723;871
7724;8569
7725;2650
7726;5929
7727;4074
7728;3978
7729;6339
773;606
7730;7312
7731;8745
7732;3191
7733;8401
7734;3971
7735;72
7736;4992
7737;3114
7738;3474
7739;7254
774;4248
7740;114
7741;5082
7742;255
7743;1100
7744;570
7745;5825
7746;8658
7747;8297
7748;2581
7749;8752
775;428
7750;3893
7751;1436
7752;4888
7753;5620
7754;1558
7755;857
7756;541
7757;2246
7758;4793
7759;2458
776;2582
7760;2044
7761;543
7762;395
7763;8858
7764;8518
7765;2473
7766;7441
7767;4336
7768;5380
7769;1818
777;1290
7770;4413
7771;5836
7772;514
7773;4572
7774;3839
7775;3260
7776;1837
7777;2626
7778;8181
7779;8724
778;7822
7780;2771
7781;7313
7782;5123
7783;3585
7784;7864
7785;5696
7786;3081
7787;4444
7788;1349
7789;5126
779;8338
7790;847
7791;897
7792;3079
7793;5268
7794;4656
7795;2209
7796;1898
7797;2225
7798;3049
7799;3354
78;8018
780;945
7800;8046
7801;4643
7802;6396
7803;4922
7804;8368
7805;6075
7806;6151
7807;5861
7808;815
7809;7916
781;4965
7810;149
7811;6891
7812;1732
7813;6956
7814;7500
7815;4573
7816;1303
7817;4406
7818;221
7819;926
782;8470
7820;1933
7821;7216
7822;6073
7823;4280
7824;276
7825;919
7826;7232
7827;4809
7828;6040
7829;1546
783;5000
7830;2884
7831;7108
7832;4763
7833;6725
7834;960
7835;8710
7836;883
7837;7859
7838;8320
7839;3758
784;3364
7840;7147
7841;2435
7842;1238
7843;5882
7844;3846
7845;4097
7846;2178
7847;5366
7848;4599
7849;3483
785;3343
7850;6167
7851;7673
7852;2835
7853;2646
7854;6751
7855;5850
7856;2634
7857;7415
7858;4968
7859;6544
786;607
7860;8172
7861;6326
7862;1504
7863;4002
7864;679
7865;1909
7866;5136
7867;7114
7868;8454
7869;3181
787;1036
7870;1713
7871;7008
7872;4213
7873;4611
7874;3702
7875;8317
7876;1230
7877;7702
7878;5021
7879;3312
788;1458
7880;1569
7881;7936
7882;4667
7883;4246
7884;3097
7885;5330
7886;4367
7887;5586
7888;4239
7889;234
789;2839
7890;3200
7891;4938
7892;8505
7893;2240
7894;5960
7895;7181
7896;5498
7897;3171
7898;2832
7899;7841
79;8572
790;1199
7900;7515
7901;4908
7902;2211
7903;45
7904;2601
7905;2051
7906;7129
7907;5428
7908;6598
7909;3111
791;1399
7910;5210
7911;4906
7912;200
7913;2198
7914;8238
7915;2137
7916;470
7917;2392
7918;6592
7919;7737
792;7360
7920;2745
7921;4500
7922;1667
7923;7506
7924;2322
7925;2301
7926;4107
7927;5004
7928;569
7929;2032
793;721
7930;8334
7931;339
7932;3962
7933;6680
7934;1258
7935;7951
7936;5869
7937;6164
7938;8460
7939;8299
794;2445
7940;8177
7941;1945
7942;8500
7943;5344
7944;250
7945;4164
7946;271
7947;6336
7948;4846
7949;6311
795;3083
7950;523
7951;1084
7952;2729
7953;1936
7954;5143
7955;3713
7956;3688
7957;2404
7958;2786
7959;5756
796;830
7960;930
7961;5249
7962;4070
7963;5227
7964;4632
7965;814
7966;1278
7967;2446
7968;4858
7969;7806
797;3593
7970;292
7971;3306
7972;5892
7973;6976
7974;1905
7975;6415
7976;7228
7977;126
7978;6650
7979;6551
798;4878
7980;8499
7981;4292
7982;5387
7983;4702
7984;7953
7985;2628
7986;7551
7987;8162
7988;1088
7989;5938
799;6658
7990;3537
7991;7269
7992;1495
7993;2219
7994;5030
7995;1974
7996;1688
7997;2733
7998;3108
7999;2801
8;4295
80;8042
800;5629
8000;29
8001;401
8002;3840
8003;5540
8004;3356
8005;4606
8006;7166
8007;688
8008;3501
8009;2527
801;3070
8010;6870
8011;800
8012;2933
8013;1990
8014;6402
8015;7477
8016;6416
8017;7684
8018;8839
8019;1817
802;3559
8020;7196
8021;4439
8022;1538
8023;494
8024;6857
8025;3546
8026;710
8027;5070
8028;7634
8029;2042
803;6279
8030;2840
8031;8071
8032;5873
8033;3809
8034;6928
8035;5009
8036;3329
8037;2685
8038;3237
8039;6092
804;2573
8040;211
8041;8328
8042;4790
8043;3374
8044;465
8045;5417
8046;5034
8047;5598
8048;246
8049;1788
805;2133
8050;564
8051;654
8052;1731
8053;2056
8054;8824
8055;4313
8056;1613
8057;5240
8058;7395
8059;8482
806;2436
8060;4663
8061;2818
8062;7125
8063;3180
8064;4553
8065;927
8066;1054
8067;8557
8068;6424
8069;7481
807;3006
8070;7872
8071;7795
8072;7037
8073;6646
8074;4206
8075;2920
8076;5893
8077;5382
8078;6228
8079;6765
808;4780
8080;6061
8081;5730
8082;5299
8083;8307
8084;8059
8085;2094
8086;2908
8087;111
8088;4602
8089;732
809;6391
8090;4904
8091;6965
8092;4792
8093;8201
8094;6795
8095;7336
8096;7319
8097;4091
8098;7295
8099;6767
81;4001
810;3161
8100;6808
8101;1072
8102;2183
8103;1424
8104;7301
8105;52
8106;823
8107;5370
8108;2076
8109;4471
811;6959
8110;1513
8111;7787
8112;8003
8113;4811
8114;6860
8115;3892
8116;6442
8117;1863
8118;124
8119;6306
812;5383
8120;7306
8121;6412
8122;5278
8123;1650
8124;5985
8125;8692
8126;1388
8127;8825
8128;4993
8129;1864
813;3415
8130;2803
8131;8661
8132;299
8133;517
8134;7145
8135;4568
8136;6199
8137;5673
8138;2414
8139;1747
814;3503
8140;7540
8141;6054
8142;2877
8143;5285
8144;6178
8145;8351
8146;377
8147;1656
8148;3267
8149;5771
815;914
8150;6145
8151;8770
8152;1699
8153;3211
8154;6079
8155;1738
8156;8195
8157;8517
8158;5301
8159;4891
816;1918
8160;3832
8161;1812
8162;7330
8163;4873
8164;4619
8165;4742
8166;3879
8167;4370
8168;5548
8169;449
817;3647
8170;5390
8171;4317
8172;409
8173;5444
8174;3342
8175;2822
8176;3168
8177;3774
8178;5511
8179;2082
818;7148
8180;5719
8181;3924
8182;6536
8183;4984
8184;4019
8185;3929
8186;3943
8187;8712
8188;2313
8189;5404
819;2029
8190;394
8191;6464
8192;3838
8193;7234
8194;860
8195;2426
8196;2412
8197;3944
8198;1479
8199;6699
82;4961
820;4474
8200;7039
8201;1636
8202;5219
8203;5368
8204;3116
8205;2734
8206;8662
8207;3328
8208;4422
8209;3096
821;8841
8210;2534
8211;3542
8212;8329
8213;736
8214;7531
8215;5471
8216;5935
8217;6470
8218;3791
8219;2674
822;6297
8220;6224
8221;2602
8222;8668
8223;629
8224;3218
8225;707
8226;1440
8227;7134
8228;5665
8229;2084
823;4957
8230;588
8231;7636
8232;4095
8233;5179
8234;641
8235;317
8236;5241
8237;7316
8238;5520
8239;1345
824;2095
8240;1873
8241;4363
8242;2692
8243;1594
8244;5693
8245;7421
8246;6678
8247;2544
8248;7594
8249;6588
825;4318
8250;5742
8251;427
8252;5482
8253;1879
8254;7034
8255;8601
8256;583
8257;8813
8258;5492
8259;7120
826;7079
8260;3217
8261;3468
8262;3611
8263;8350
8264;229
8265;6848
8266;2695
8267;2942
8268;1958
8269;1960
827;4999
8270;3887
8271;5647
8272;643
8273;3609
8274;1273
8275;1599
8276;3202
8277;5294
8278;330
8279;5216
828;7554
8280;536
8281;7900
8282;3199
8283;4003
8284;7398
8285;1956
8286;105
8287;3983
8288;3583
8289;3722
829;384
8290;6074
8291;2358
8292;4767
8293;1182
8294;8581
8295;1055
8296;7087
8297;54
8298;7288
8299;6842
83;5067
830;762
8300;4281
8301;5772
8302;5853
8303;1885
8304;4600
8305;4158
8306;4750
8307;1203
8308;5880
8309;312
831;3207
8310;4557
8311;2608
8312;5854
8313;1824
8314;1891
8315;412
8316;6287
8317;1531
8318;1127
8319;164
832;8131
8320;8845
8321;4343
8322;4104
8323;230
8324;6427
8325;7805
8326;1232
8327;7792
8328;3505
8329;2679
833;2854
8330;1431
8331;1094
8332;2350
8333;4712
8334;8698
8335;3510
8336;4332
8337;7924
8338;5926
8339;8754
834;4269
8340;6098
8341;8437
8342;6463
8343;968
8344;2698
8345;6813
8346;3773
8347;8453
8348;6169
8349;2917
835;5971
8350;4897
8351;4016
8352;411
8353;955
8354;7517
8355;8807
8356;5554
8357;8593
8358;2723
8359;1618
836;6735
8360;2535
8361;6572
8362;6707
8363;7324
8364;5509
8365;1372
8366;4533
8367;8185
8368;7260
8369;829
837;6908
8370;5835
8371;1131
8372;7701
8373;7738
8374;6289
8375;1746
8376;7543
8377;7510
8378;4813
8379;2389
838;5457
8380;8567
8381;2386
8382;7303
8383;3767
8384;6539
8385;4478
8386;403
8387;2836
8388;1403
8389;7589
839;8233
8390;972
8391;2093
8392;8638
8393;416
8394;8465
8395;3661
8396;6519
8397;3385
8398;2978
8399;1979
84;3319
840;4268
8400;8302
8401;615
8402;280
8403;6086
8404;8715
8405;4822
8406;773
8407;231
8408;7162
8409;6014
841;4133
8410;6271
8411;5279
8412;379
8413;7662
8414;2365
8415;463
8416;587
8417;3309
8418;3024
8419;3865
842;3652
8420;358
8421;7154
8422;3325
8423;6291
8424;5053
8425;14
8426;3215
8427;441
8428;1528
8429;1043
843;5580
8430;8702
8431;4740
8432;213
8433;5290
8434;4376
8435;6590
8436;1468
8437;7607
8438;136
8439;3120
844;1037
8440;1224
8441;3560
8442;8066
8443;1247
8444;793
8445;8068
8446;3749
8447;5644
8448;157
8449;2194
845;5173
8450;3949
8451;7741
8452;2147
8453;4835
8454;5229
8455;5332
8456;4103
8457;2907
8458;5871
8459;4266
846;8800
8460;4509
8461;8004
8462;7146
8463;5572
8464;208
8465;2533
8466;5574
8467;7064
8468;1004
8469;4785
847;7083
8470;6376
8471;5266
8472;6723
8473;193
8474;2378
8475;7653
8476;7057
8477;2615
8478;2555
8479;5256
848;5812
8480;7359
8481;8676
8482;2410
8483;7461
8484;3320
8485;5989
8486;4220
8487;7769
8488;6142
8489;1453
849;120
8490;4705
8491;1529
8492;3530
8493;2819
8494;6636
8495;8411
8496;8561
8497;6011
8498;8791
8499;7966
85;943
850;1773
8500;443
8501;2820
8502;3545
8503;8731
8504;4305
8505;2484
8506;6523
8507;3435
8508;1312
8509;7282
851;2960
8510;4963
8511;6200
8512;8885
8513;5563
8514;2028
8515;8746
8516;920
8517;7189
8518;7603
8519;1465
852;3635
8520;495
8521;6868
8522;6456
8523;5291
8524;720
8525;8123
8526;2930
8527;8429
8528;4072
8529;6107
853;573
8530;5187
8531;7669
8532;3381
8533;6285
8534;5821
8535;4258
8536;81
8537;5712
8538;8304
8539;1373
854;2821
8540;6547
8541;8138
8542;2274
8543;6692
8544;2606
8545;549
8546;4725
8547;8553
8548;7637
8549;1341
855;1604
8550;360
8551;7593
8552;3586
8553;1623
8554;5636
8555;2664
8556;2070
8557;4175
8558;2888
8559;1628
856;4752
8560;1417
8561;705
8562;5807
8563;3397
8564;2966
8565;3824
8566;6791
8567;3438
8568;4704
8569;5056
857;2529
8570;2599
8571;5803
8572;5398
8573;7533
8574;6935
8575;3425
8576;4214
8577;1914
8578;3362
8579;2559
858;1597
8580;1783
8581;7117
8582;1217
8583;1578
8584;2252
8585;8102
8586;1845
8587;5027
8588;3460
8589;8541
859;6936
8590;5674
8591;8149
8592;1156
8593;5429
8594;89
8595;6343
8596;106
8597;6292
8598;602
8599;1103
86;1343
860;6425
8600;3729
8601;5981
8602;155
8603;6411
8604;4236
8605;7588
8606;8796
8607;4078
8608;2068
8609;8753
861;8090
8610;8340
8611;2187
8612;2871
8613;5724
8614;6475
8615;3040
8616;2383
8617;7110
8618;3882
8619;7579
862;7085
8620;3249
8621;946
8622;8394
8623;680
8624;1787
8625;3488
8626;4140
8627;2560
8628;2811
8629;5393
863;3036
8630;6267
8631;6296
8632;2726
8633;768
8634;5635
8635;2612
8636;7172
8637;3452
8638;2022
8639;2931
864;7707
8640;7534
8641;4721
8642;6262
8643;6170
8644;6826
8645;8469
8646;4900
8647;5090
8648;4869
8649;7233
865;2492
8650;7728
8651;2537
8652;6338
8653;7725
8654;5829
8655;808
8656;775
8657;7123
8658;3621
8659;6101
866;8445
8660;4443
8661;5627
8662;8397
8663;1213
8664;2831
8665;6173
8666;1482
8667;56
8668;189
8669;4277
867;6187
8670;1625
8671;2374
8672;5857
8673;948
8674;5668
8675;4302
8676;8883
8677;8486
8678;1034
8679;3273
868;4770
8680;3151
8681;5891
8682;554
8683;7759
8684;2397
8685;5104
8686;5798
8687;5718
8688;3148
8689;7870
869;2630
8690;1186
8691;8103
8692;7065
8693;6847
8694;1023
8695;646
8696;2675
8697;7001
8698;8823
8699;5577
87;3614
870;1282
8700;8653
8701;4545
8702;8693
8703;7705
8704;4540
8705;2869
8706;8327
8707;6088
8708;2540
8709;4865
871;5455
8710;386
8711;308
8712;6201
8713;7713
8714;3895
8715;7058
8716;7082
8717;3987
8718;2096
8719;4827
872;8545
8720;801
8721;5499
8722;3281
8723;2185
8724;7226
8725;7982
8726;4967
8727;6595
8728;6235
8729;8632
873;706
8730;6846
8731;6819
8732;6242
8733;1259
8734;2638
8735;5339
8736;3605
8737;5648
8738;7843
8739;962
874;5491
8740;1557
8741;3504
8742;1543
8743;4703
8744;7821
8745;6799
8746;7849
8747;2092
8748;689
8749;3445
875;6333
8750;6261
8751;8723
8752;3311
8753;5564
8754;1443
8755;6871
8756;7014
8757;7658
8758;1270
8759;4603
876;8339
8760;3186
8761;984
8762;4805
8763;7490
8764;5788
8765;4227
8766;1315
8767;5731
8768;3551
8769;6076
877;2586
8770;5364
8771;33
8772;346
8773;2271
8774;4274
8775;5108
8776;2898
8777;3470
8778;7378
8779;2323
878;2852
8780;3666
8781;134
8782;3135
8783;438
8784;239
8785;6387
8786;4848
8787;1512
8788;2438
8789;1491
879;8697
8790;7400
8791;4463
8792;2686
8793;4039
8794;7417
8795;699
8796;935
8797;8688
8798;4194
8799;7168
88;1802
880;8151
8800;3407
8801;7344
8802;5667
8803;3153
8804;4537
8805;5376
8806;76
8807;6777
8808;7299
8809;2345
881;5162
8810;1704
8811;6852
8812;8842
8813;2728
8814;2363
8815;6069
8816;2100
8817;3566
8818;4136
8819;6907
882;2262
8820;2149
8821;1584
8822;1655
8823;5847
8824;1601
8825;7104
8826;778
8827;2267
8828;7225
8829;101
883;6963
8830;67
8831;4991
8832;5008
8833;7155
8834;950
8835;7909
8836;2260
8837;3087
8838;2945
8839;2702
884;4660
8840;1684
8841;3426
8842;6129
8843;1499
8844;8747
8845;1211
8846;3996
8847;2078
8848;6354
8849;8326
885;6335
8850;7466
8851;7895
8852;5941
8853;238
8854;5608
8855;2033
8856;3419
8857;4205
8858;433
8859;7198
886;2659
8860;8098
8861;3657
8862;6473
8863;5992
8864;6675
8865;8831
8866;2992
8867;3157
8868;7917
8869;3945
887;4235
8870;8726
8871;3257
8872;258
8873;565
8874;6232
8875;2926
8876;2223
8877;8169
8878;6
8879;5260
888;2519
8880;7649
8881;1253
8882;7011
8883;6004
8884;6435
8885;7393
8886;8475
8887;1781
8888;1297
889;5280
89;3455
890;6934
891;5356
892;3464
893;7654
894;2289
895;6251
896;8424
897;6721
898;2465
899;5125
9;7857
90;3630
900;1862
901;8301
902;4369
903;2406
904;8242
905;5702
906;2210
907;94
908;6745
909;7613
91;8799
910;3835
911;8618
912;6482
913;7362
914;5385
915;8778
916;4200
917;2784
918;8130
919;3058
92;6742
920;5483
921;6996
922;5957
923;6403
924;5459
925;158
926;1647
927;1483
928;6685
929;7012
93;7633
930;3527
931;7919
932;5808
933;4634
934;3020
935;6303
936;85
937;1255
938;4734
939;5046
94;4629
940;697
941;2838
942;6005
943;1485
944;3494
945;1966
946;2212
947;3803
948;1053
949;6990
95;5662
950;1978
951;6786
952;1577
953;1841
954;627
955;5820
956;1728
957;6910
958;6982
959;2897
96;2012
960;4802
961;3137
962;1383
963;373
964;2130
965;7431
966;3612
967;7853
968;3238
969;2325
97;7763
970;8449
971;3942
972;5705
973;7599
974;2062
975;5658
976;5729
977;4511
978;3093
979;8105
98;6822
980;3736
981;4516
982;3112
983;3534
984;6807
985;993
986;6659
987;774
988;6943
989;142
99;2979
990;4769
991;7318
992;5151
993;6558
994;6719
995;309
996;5407
997;501
998;7753
999;26